181.8830775088952,125.58803461977752,156.61945523744865,131.45256386866492,122.21542885061973,131.4122234910423,132.21562268678198,138.96069004322817,164.64110560572806,inf,inf,126.31651165347789,131.77982265931752,101.6811314892138,113.26191703838654,inf,153.9482242712939,128.72056189397813,inf,135.7688022322028,inf,137.50034284227345,137.42562559395816,131.3256268945224,156.1195684369501,128.3530994049494,183.9705652720758,128.50634499298718,139.96915489597956,inf,150.80898328481692,154.06074948203033,inf,87.14855938509767,78.5267606060275,inf,64.75500287699623,95.97844403245136,59.01924255520365,inf,inf,66.83743721500652,58.749407222645374,60.609413180994544,52.84355934030907,inf,65.19038550439616,inf,69.44748706852482,62.26080900649402,79.66467000989185,67.88440816664,72.36167677623577,62.94493535802706,69.08455583053183,61.24252061614799,85.26717709822118,63.3582130103225,84.47752970718695,60.37530190377029,75.2616195848709,84.80422044237618,107.18676818426296,78.94824895438417,inf,74.47968137199985,57.40239707049251,inf,50.41745141552102,59.01714211538861,58.52662626338329,65.11793346673565,107.82595253077677,57.568987627463976,64.55069427225105,inf,inf,133.025142897436,inf,100.36092027962451,inf,120.30262744909199,123.60167672814998,inf,inf,131.75246535631786,103.71586419607411,inf,74.56276775333929,128.39324164873676,101.30781493822184,109.95009305437584
123.68286996657946,124.57023489879143,inf,inf,inf,118.59214565694963,138.3626133084318,110.43166929034007,177.99176475365869,183.07665606996244,inf,inf,inf,114.60451013463934,119.08976189089854,144.10375159336496,161.71291749982873,inf,114.08150552710796,inf,inf,146.31863861177666,149.62153117374078,137.70533873403514,114.56392449990295,113.49564291582428,123.99698039804319,inf,inf,107.83380268698264,114.61320954728156,inf,104.6866602551537,54.93289989699774,42.33900107753297,48.31710215352085,48.864329789490135,65.76286312562547,43.56332548403586,40.98955260659405,inf,52.2369582152938,inf,42.00495358802808,34.93114337008939,116.24825691422947,61.093596564404386,inf,78.38329574411797,77.17892195073354,97.79865051098581,94.80596879035382,81.31762199559536,73.85867120385466,101.97489769907483,67.47481147787053,82.86327063531922,72.53204224582947,83.55221581913362,inf,72.73882232087118,55.913532890616345,84.63124731027926,64.42750581948543,inf,inf,64.71738962793283,inf,64.25871101094951,inf,inf,48.96211585442678,83.90095326328598,71.0785659532782,inf,inf,inf,98.74368340325405,78.1246645303973,93.03103432721383,105.4753010695394,inf,inf,104.06094234903117,inf,114.56665787735092,72.7178371980265,113.07028129599372,75.85010272691397,106.85180577629274,72.98375246486768,81.52742105735659
inf,141.69794271428805,161.0622012480705,155.549734574231,inf,128.10745812531513,173.20800090628398,156.34198986699005,146.9091112853269,inf,inf,135.1855577529331,155.2165366767976,126.56809245767933,165.9614839040898,170.51177845313038,139.090392831901,143.53470172544527,inf,161.7960242404753,inf,inf,inf,147.1928112760527,inf,inf,104.51361555191161,104.12459015932966,inf,inf,inf,inf,97.03964698993138,28.598223743387663,24.31743795221313,29.48911024378487,34.40587851064741,43.69136208925578,19.584335970064366,31.859943220823713,23.804138899600655,28.742547189970544,19.151034472836542,35.73637987602271,16.142605521168004,inf,103.2273420593675,126.15958232080035,107.39407352030933,94.04689745988426,118.85533962961978,129.2302154290554,81.69470830084336,88.89223179869519,78.80932087759174,84.6620263327023,74.80570888649699,86.2946052523537,52.423744288307304,49.72758369748837,49.38479216415213,41.594961377041216,41.80693815517481,inf,38.22515184038062,80.4847226420192,76.23213420763332,85.29104133178741,112.26485999449665,74.34708724191927,71.77715385743198,69.55477185621466,inf,inf,59.4319460588018,79.75957123106593,90.09890375419914,76.92292630927231,65.55710144740672,48.834130955596486,inf,90.90995384389653,72.31690209985284,inf,75.53288672309397,inf,51.93379141356828,inf,41.96487118894168,83.64849143930199,58.04179342113394,79.3545737879884
132.0837055229099,194.41373315750275,128.77941139086278,162.7594939947525,137.2217881612573,145.61349290374957,inf,inf,150.73315811658048,140.7743776846695,128.6112110549239,159.7292672172577,158.55885834381016,123.90699274286665,163.8389229231503,inf,156.51776606182653,153.7802781143728,135.4791820728788,196.05034604047796,inf,180.19408033912936,215.04940645084548,158.49827002430257,200.15474633879384,90.2367935689158,inf,inf,85.73059861804836,98.36414763260018,inf,inf,inf,29.3546459721938,inf,28.895798893948967,32.214002343084736,58.5028740720773,34.28302206865308,inf,30.41608089362682,29.28892803794096,23.611556102298792,inf,22.378300813936963,95.96556428838267,122.21409384976424,136.9689449359267,93.97601546714097,100.2312356189054,88.72553331757119,99.32119537377027,inf,85.49416731428829,inf,95.47155716356353,104.7858140516966,98.03034016291834,37.305204411139535,66.22860783131749,56.156805597475746,48.3344570419114,45.99100589327767,64.88048175460621,41.87808476258366,77.3415815351325,100.37777758523248,inf,77.73749878551003,55.55075582736436,66.90262863346207,71.89340256830302,inf,89.47190473181723,inf,102.15018730623832,82.63798906201023,inf,58.31984915441419,39.99818162012211,77.21688859755233,81.99212310274736,inf,73.61399512545437,inf,inf,53.5720705780174,inf,41.7232211302607,inf,57.144112984995324,59.435639866802234
156.47662145771884,251.12902206216978,169.01916715351567,inf,148.4297684302508,136.80540986711418,152.91786830036042,133.32117964513114,inf,174.04157800252025,inf,inf,148.63180561651225,inf,216.9342385749923,142.31602255413588,inf,inf,152.44541612132068,158.94490868060515,inf,157.1606304529507,149.65275078762437,inf,inf,124.8254279625745,inf,inf,112.22500743997549,inf,140.18113648013403,109.32600208424141,70.27517271544507,inf,52.04971435484716,43.55469225011423,inf,102.99731821482175,inf,51.4815822353301,47.62775277767696,46.48209177380645,45.79078688741839,35.36573428444451,41.45486887578152,102.78239450674006,95.30844918064383,inf,136.83684978223604,inf,109.98793354946346,120.72927387487553,107.01007600497697,109.5830187949858,95.49219701133016,127.66757160704489,90.24843374252413,127.71170028787338,59.3259364831426,75.08885596059835,70.76710259514728,60.153470955409496,57.20431098906801,inf,52.498106172911825,83.3667670767888,109.09897214893115,106.70035184061452,80.95812958094133,68.17608585258485,170.75736027773212,105.29829034010957,inf,97.63257017022895,100.12819490864287,106.36740178501033,61.44980003918386,124.38956520742367,65.86692431096019,55.739580888682674,45.57591468645667,52.62550402617742,inf,49.68385981411321,80.42173216651994,64.94251431219311,67.3919917076022,49.8058613499924,73.66059511259455,50.26530863846319,46.462557153729094,98.07013205920305
192.52819668573173,171.56261486748835,167.30204981874374,123.28835142341158,inf,inf,181.4795677426517,237.76343126865416,233.44990940988848,118.52454386678374,205.38914735632338,154.2062394937768,inf,156.19535249270345,257.97080866211746,inf,inf,167.38363235361865,inf,236.8585534031113,inf,169.6159694361203,inf,inf,169.11474068512365,74.88350586199202,59.251505016073885,69.76412736565258,inf,72.3734380291616,inf,63.42438884103811,inf,87.54653426748467,inf,59.94282482924979,68.33844435935193,68.68006661154956,72.05051900807155,77.07463704525958,72.1350768692726,65.66252293549616,67.904118953707,inf,63.69644987432857,131.64475573817973,124.00215815004694,121.69900534754315,inf,152.20422258913263,inf,177.86464938708008,123.69576548198447,inf,139.27894110801245,130.08002651225488,117.11959929937673,134.0664192719064,106.84199330827715,97.17364515685456,inf,82.3002209275739,78.90013642782574,95.8097493912141,75.55415216039,inf,105.48454595921828,99.18707105253118,inf,102.9754418047504,111.04384081917642,110.21899171022307,80.77240838573043,99.08277024987201,141.65569968896762,inf,inf,inf,82.27577592971514,84.55723262061568,inf,44.36208459693838,inf,inf,128.96660836788033,112.8656399576858,86.15826708694082,37.863236551720206,72.62481383886215,44.88340528315995,94.9988414664496,50.1294985731402
138.77763780401506,111.16566667048411,101.5100954897828,inf,100.37852965587298,99.26310257785848,105.46436736027724,91.09997032100651,127.19825745426887,inf,98.775560752965,97.76401935907738,118.45273451694096,84.50313706871702,inf,106.31425918087241,inf,141.7500993547579,84.89979905094648,106.7643389455397,inf,102.88005919654546,147.8266656208922,105.05940462272204,87.80437421683075,125.9851174109297,139.71107730882707,inf,inf,inf,inf,119.8925531259413,inf,81.2820222759238,84.75110104278427,inf,66.36863958762606,88.37124037808049,72.56103670281864,74.58435179038,inf,86.39179004280304,inf,76.52343758974456,81.35483687343115,inf,44.05103478474546,48.31250646110532,51.5845380262187,32.632803207823656,54.166815742606666,inf,inf,44.206152140375885,54.230743527471006,36.58910220211322,51.27062776126566,55.68715765703408,66.64847909835017,44.728103391607085,31.655031760259238,61.668731732379435,inf,53.51622990120254,64.27332515375997,27.792872258623206,39.35753813093968,48.96479893703559,31.333500440137428,52.430009199422024,39.32839093988578,26.773319028551406,92.74516245685507,31.259760317346437,21.571783914949634,inf,128.21153347447105,174.32792571441752,83.41474861892624,inf,inf,108.80543984026498,inf,120.0977667115535,158.55039350819442,117.80247365414876,73.62754851433671,124.86676898605731,76.6242394392377,113.2274518447668,inf,inf
135.1924817028359,159.81563259074613,95.36277337834595,142.6039323265425,inf,136.83475717741933,inf,inf,112.18982435562296,163.40269991670792,inf,113.36678577566428,132.6212278635264,94.35480727148922,148.90534594607587,83.65951788572194,127.86480122669884,117.84680885353112,91.00716023365074,111.00881160404977,115.96319454934944,125.16163597897133,114.8545523850154,inf,90.71733456831167,inf,inf,inf,84.09302111628242,inf,inf,71.35117635095843,78.05067558921003,13.494837915495143,11.403369391033298,15.961429063311746,12.450109749162785,29.125372099962664,8.519898448590968,6.674690288410835,7.824485747689392,inf,8.749085772542786,24.114381735325985,10.161127025770542,60.0297234610202,43.844134733782695,52.470758414266996,61.21775789374051,inf,64.64891310977481,85.39717445971955,60.00570621399396,68.80344122772485,52.24377503284097,67.73921416199686,121.25715454425384,inf,25.95327841233519,34.474225036098375,inf,16.23445942398934,23.058617063547157,30.29883117813097,18.689260274584075,31.359505507439636,48.86188556473355,29.751430095743025,36.95419684946784,23.075028950557524,36.34011190770538,97.52204259417243,21.993859537945717,inf,64.02467119907281,77.23093839037324,73.93994821682747,inf,38.84371157320486,39.74499863354308,70.85698281976865,72.54423809284803,57.33585679388792,67.5257259411163,64.98637974907706,81.32890036046082,32.69142580961788,inf,21.700796229477085,68.62879444305553,46.682216676601335,55.0589359238245
inf,143.1862255324325,138.61226761567795,inf,114.12030447273253,99.3853456705082,inf,116.75239109980082,135.38646253258239,inf,130.99853660514918,173.38233704687494,138.33928697011444,108.85023682691424,193.17661505372806,137.01822531076604,inf,122.43573753888077,108.29827400005078,inf,110.75021526800535,inf,127.54293369875604,165.8711051369619,inf,inf,73.90504786984572,55.125994884729856,inf,55.328177826629165,79.8580098315561,72.71556120238421,54.430872020607254,8.243148092189315,17.239878845815984,8.578593142533768,inf,8.324699831228891,17.410742146336418,21.50180466526022,inf,16.916434146301327,19.879274332677078,9.993903830447524,16.32114325466597,83.07332671963108,inf,66.83213719785871,85.63547894428753,83.73662066519131,71.46845472403078,83.80088229346053,inf,66.57719050049766,inf,78.52161395106145,62.562214762806896,85.15107090555107,inf,32.13763359845433,41.64783814773045,25.828080561237645,39.41315961295393,109.85006034492767,22.949810097383995,56.73798591187258,50.977536910826394,inf,57.562951847564236,46.05262805718077,81.29611668426357,43.33660899851533,30.375061760417577,61.52053965851581,inf,inf,46.44784415819521,55.893167910729204,27.327738467437378,19.08992326939861,58.724949150152916,53.58213396337897,55.71784599645425,53.44384481115326,43.801673114285464,60.86169629181362,24.764405603441077,inf,17.831713401403892,inf,14.783616490492372,49.043894299745574
103.9216538060811,115.84579469907902,122.767509618073,119.24377207266916,163.37752548307031,173.78847372696328,187.94784482111794,148.4776834908205,inf,177.6642872929657,inf,inf,inf,inf,151.0583546804993,inf,inf,192.6149614404414,inf,inf,93.53584301751421,103.23677483515497,inf,inf,inf,54.244493612913566,51.565985829196585,53.56828001811373,42.10967288677322,47.094817730484166,51.55782584642789,39.64087885740084,inf,inf,83.7267668432066,inf,inf,53.197638353628555,68.13390525631314,61.165236502868275,73.46788901074746,64.82285978468053,96.29519058594401,inf,inf,122.94902052713701,113.37058739500114,112.72340059248812,132.74736660404128,158.11156020549925,148.3533924798192,133.86669652392186,129.19781231761672,117.39090534691884,120.12032403009107,inf,177.46814975665097,inf,67.90041955100106,inf,inf,74.47435630730884,76.90762267362086,85.51465021156321,67.90886459636936,121.6734553122625,106.13612769492673,inf,96.78321981185404,84.89941316379532,94.80339474110596,96.72318826606836,60.72468535149899,104.30229885197815,130.60091911216136,35.83446682265485,inf,21.913327442452324,48.93631559007288,57.2756749556351,19.188119401033955,19.19434839538195,38.1013897927117,inf,36.44053024207889,60.85207748772186,61.49740315477523,23.707532454527428,53.4145811202982,31.225851448283496,43.46004064210513,27.75810100347007
120.56869217162794,90.68861801107266,83.79938028428651,inf,95.2084561339887,73.3126905191091,82.29185874807992,inf,93.5310675205717,inf,73.44931344078692,78.36222322884151,inf,inf,66.84814396326884,89.02832094887412,inf,102.85250818929656,inf,96.5413825507305,117.29137766947397,85.93897791617218,83.9404195824133,inf,inf,inf,inf,132.01075862530718,124.31350674832832,inf,135.74954248800282,128.46592396590768,inf,72.97413376746151,51.7453959707674,66.46374312461279,62.394607933717026,inf,80.56902893913956,98.65428185152405,51.36058104123314,inf,inf,76.88256140784804,103.33238802419281,inf,27.881804341203868,27.02193358954569,78.37737964988293,12.482142357033704,33.94747655332671,28.353171361602428,23.02740345240393,21.83374670219833,inf,16.532209016869743,41.729681422715196,13.516664835549195,59.62309754212607,61.1392329857455,28.82060092458635,52.83023176465076,43.858320321387424,31.86888251573425,51.097727747309406,inf,29.411214477031702,21.28831294405457,19.06694574025777,42.47027257505845,24.151203416249054,28.07451617013545,58.87075787243083,18.321171940355025,17.188693023641854,inf,126.82893990029322,125.85056326108551,74.41611809442712,69.50318682491366,inf,inf,118.6336144607056,inf,inf,179.95135336768072,60.26827147609791,154.00231026648999,62.79486331274428,108.6667320464603,83.63055250354935,112.76633809340761
75.00319698513249,inf,71.16944235543825,82.88354895008968,inf,58.72527325504571,68.10973010444222,70.57140697263992,91.66952188247478,88.24842139338399,inf,67.63744175222028,86.85859151587033,73.60139595349212,78.96147239626332,inf,114.49571067356885,70.65319079446265,66.99149197167444,89.5297087134578,121.49191786645308,inf,73.70916485687839,81.38067115952504,67.49504824777895,inf,97.02531352123553,98.87454891241893,95.5333750655934,inf,101.9287277670593,90.64842971412874,inf,49.81703276739716,39.331869137722514,inf,inf,56.03126227809149,39.00505426751515,46.25597035092489,inf,40.33959914827786,52.18505019772906,40.82759363485389,54.26700433829964,35.25663969844025,15.42433771870451,28.544734755713527,32.249467027881785,39.683193616746095,24.479487603443697,32.39359440461551,21.017171267927544,25.29852550618137,21.543333896642082,inf,19.490467597174664,inf,50.75236035165196,18.157861627344264,7.933031911752434,28.85439928944368,24.37242030843534,11.518447064989221,28.031448234805342,8.54519005458711,9.35299447361685,inf,7.935781181932314,14.117629166092529,6.565612645752079,6.654404991503883,37.58743748515594,7.5015712632382705,15.482473734788584,83.89723320336225,inf,90.95960967350928,82.40697139390495,63.37977242909768,98.7834938146265,83.73897446174014,108.19526917547718,inf,101.0997180638315,127.08966503539845,45.67719334551719,inf,52.76658002481957,81.36591533541855,51.04469132402873,72.06674934049613
inf,110.81071674708345,112.161843727099,inf,inf,inf,inf,inf,136.17347372672828,162.6096292384641,149.29409632823513,108.80257153730605,112.54306738732924,inf,138.70559568503762,130.25841801417204,157.82374247090652,138.96468526449985,122.43585317193421,inf,inf,143.5396935085942,122.67500176082773,104.70392591470477,121.78920143227234,47.82989577762706,inf,68.5214176940786,inf,47.10802423183585,51.53512632498739,58.466146817283196,54.75769562384754,inf,25.817916454946005,23.38675823085513,inf,inf,40.38302050765493,23.302555279174,39.56826168702734,23.123476563716054,49.60199231583518,31.57487551138678,46.766594376472554,77.28076140966475,inf,68.95780934022896,73.73082828420846,110.43027159497778,59.960338636872834,79.32571196849045,inf,66.20589675074216,85.07160565886761,76.29683034906955,inf,inf,12.170251231012653,39.21396942882865,48.1437250426189,15.2762084623756,23.117923887722043,41.169923739817634,16.464574273753193,64.60791904030874,148.388921781121,53.4008292039877,inf,inf,45.230555764346725,54.570017723175766,11.184776859629599,45.33143545465602,66.54868368437256,54.17360408663668,inf,46.41315394840398,10.379828222416968,7.900130260730952,inf,41.67404536034571,53.16552231286174,57.49031162437037,30.197704515990278,48.32308848982314,5.286801123252096,58.340698974233476,10.067463494463574,39.46814451754771,6.850647720926475,35.39041172209393
145.51761692934744,inf,133.36166158372245,76.53813123463274,inf,inf,92.99169402364443,138.316141280752,161.82535507925616,160.36905798292688,142.6971911198549,inf,97.34088337861138,227.31785902946254,235.59123848802426,inf,157.79730699805373,inf,122.1229539950765,inf,63.23170470558222,inf,71.99116979961994,125.28756222539218,136.02590696494983,29.41220762718055,59.68850701488432,27.552739228674625,29.19200673221756,35.94803048450686,35.57305055088266,23.894846470715354,37.51458590690499,52.14785617187119,43.0116397426839,inf,inf,25.375054294814475,69.08963074325808,56.721421678019965,64.05103755403513,47.54661560409068,59.52236893078413,47.615414908475984,62.65082759259418,115.59050745310654,80.84655583399328,81.65733413727405,inf,inf,inf,91.1871815303282,96.93673257617257,83.06701641398385,75.40653490714591,104.99159183525127,inf,122.88820104843234,30.092545656151344,62.005731434702625,73.53236055535528,38.94933416196856,48.144882484139956,inf,38.75188199595467,77.63121946147665,inf,82.6368731570025,75.52212965456582,inf,69.27730892068676,inf,40.086120293536034,inf,80.08390879085401,18.08791219652232,23.509995114702193,23.153612466761405,inf,23.372981528183793,22.65826614559355,19.97181422544477,9.570741180528454,17.607894467060795,9.994659396323692,inf,29.33058962220016,19.454867941159275,31.292064403908753,25.110276432356287,inf,7.04742209091919
86.11453841058754,inf,inf,92.83064811564478,inf,166.60956785028276,81.90677684482569,120.68188498119156,89.08770158608337,75.65604000407022,176.86894598818333,147.78089995454897,89.86803389860187,152.05645619201047,165.75509862980687,140.99719598798853,65.66006318021998,inf,140.1504648520193,inf,68.61883974219782,97.57867940502025,inf,inf,111.21852054714786,26.265279281154434,17.27926800740444,32.00469179037289,11.355130497697697,25.619393056649308,19.842519318104564,13.638377718952329,11.232713028761527,61.39777099259281,64.98610588508787,55.623942704891824,60.89588556699905,45.23125404255587,85.48271252711177,70.47833226197261,76.74176027917854,74.08293192199147,80.39576376651253,72.00070400858016,83.5208109625292,130.43948008602834,96.40217157512183,115.22423446984212,125.83438102661022,124.14902329291728,113.63216018737222,inf,105.31138159308661,129.70021155870762,112.89413311364865,123.7027278744855,94.393209989156,155.65857587130148,49.831993271122215,75.87623812743571,88.46607284754408,60.625176176162505,75.59682014421237,96.83771511124706,63.48566086601281,97.63194942372398,104.91301596012462,92.15259060518099,97.34990392150327,87.18020467379026,109.05184387663441,89.97112270150443,57.00515470460821,inf,110.699659509046,8.312165839028275,10.972371208718437,inf,55.98333964620634,56.36614865868246,8.033570252624902,10.94646127458206,20.901291931300182,7.222549225519074,inf,inf,54.04755839707056,7.210129815050273,51.542981173440765,7.168049283560828,46.66376125975324,23.502526345271995
74.72060261965125,56.44893260953906,52.0054265464092,66.95665851597896,60.6933039326383,61.1022876954548,inf,inf,87.33529914464248,77.12848901556319,57.83005364012699,60.790384870039915,79.77563571214401,52.44146314993149,inf,46.816638941667485,95.00761041769006,70.08834891892143,48.26533936658261,91.9788766755764,inf,66.13945108283848,71.08652675488281,63.36276349690916,55.58573653873402,126.69778943348162,inf,inf,inf,inf,inf,130.41603952528024,inf,97.35944776266149,84.64055003149949,77.39840525892495,inf,79.27924043494862,inf,67.55945530652443,inf,127.47519642751288,74.0218805906027,76.16751194783397,76.3995765476638,inf,21.491367389345605,inf,7.3324931144742145,21.77238384412815,26.120935712181293,8.414418471572986,15.845352825485508,11.452135239661562,27.91618203306074,11.134748947557913,26.06521227671001,16.365991378904912,67.7658917884951,48.70114060444525,43.099922923008556,62.12565933108514,54.864688609378355,inf,64.5819614437158,40.86218007999404,33.32932893783956,36.86301883437415,32.91876723133113,46.108700216264154,29.119550325172536,inf,72.13932802329684,36.29445559764273,44.66052153162459,121.4953326989099,141.2646685953313,142.27846417026498,inf,74.703689652914,inf,inf,109.9911496116725,115.11757318077483,122.66067767555636,124.23621857746603,87.91272644336027,128.8061851333098,64.54620002890503,inf,89.95697066698288,103.17406498604724
inf,37.52370215449025,42.20739639663175,72.45784581689529,63.399222716336205,45.43696853426677,56.21063590341119,40.621678585651885,inf,61.37989202554925,49.77224930658205,inf,57.489560010184206,33.22482638667074,34.44116033608983,33.65527191347398,65.01336288274462,62.02700258274327,45.54485589171622,55.25962919488402,71.71456890455839,43.78849448571074,inf,inf,38.23095264647271,130.3263557751144,138.54852458341594,101.13998022575977,126.72506433117847,inf,inf,119.33093547689946,inf,61.87603980795893,106.23652638910613,74.03774622958883,61.9219278363768,inf,63.19839987521743,56.7819101283259,101.51916990857025,82.02285995386056,77.39490271007426,inf,67.87462504990471,6.251038364225347,10.836575782031002,10.728722745768081,22.423613473110198,33.02927770049725,7.508769452927594,34.99350401689358,14.654787246904384,15.777237130035829,5.692717158330774,82.6787419487397,7.604961727618424,inf,55.333386367997385,inf,inf,58.12298963681499,44.78745762534502,25.15204781637222,58.15277942534641,30.66140160697272,26.270398556912493,34.29024143384256,inf,29.660415821409522,31.464814246173184,45.65519884131298,54.82102245135376,32.87530337065322,44.35213206020939,inf,inf,109.74770503894469,79.95621921459876,67.7028542820605,111.81671924596823,104.22024572623211,inf,inf,inf,106.13017357238463,inf,inf,57.579966537002136,112.87644863809231,inf,84.29463986896157
58.301962598492906,77.29166291435976,88.49690841022316,59.15896657141849,178.27969313508416,inf,65.56217750487912,97.63159871250134,54.758060752838205,51.080531313528816,161.88584802597626,inf,inf,166.40800815596288,inf,94.79590025833096,59.218715163455386,75.08514069463435,inf,76.92676424430302,50.31639170331455,inf,inf,inf,83.2705710484681,inf,9.638641613000967,10.310607711370682,inf,15.725967425486736,7.542857559934636,21.278091773911953,inf,63.8875727093089,92.72150746523958,inf,79.48187741750534,62.0795694359026,89.54828323310632,inf,82.28240958711298,76.77142058421015,inf,inf,inf,124.37376966752755,137.49540593294205,inf,172.68947840401432,152.22418142677589,122.86585525153826,inf,inf,128.59366743448845,103.20932087637809,134.04851427342015,118.494895461075,inf,66.4730749705076,83.43702062577499,101.61717586206413,inf,77.96905151871617,110.22166365106276,73.31082732347961,107.16697826117375,127.52995211645465,inf,110.31433041166194,88.33055807096383,123.85283173779537,104.24346729801933,70.1548631471463,111.59750168451127,inf,38.546656867543994,18.790643542020668,52.68792370709857,66.18907168810158,inf,57.55957165684556,inf,24.75514833834083,27.04817777507402,26.336669155854,17.564922631784377,65.28529800238368,34.992747653896636,68.5665825985732,25.979084575195778,54.372214458470964,36.33870120688707
75.94640490731638,53.705241543149064,42.65564294371953,84.98053826537826,60.95103095771788,inf,62.27813372806889,46.91158070001171,88.63348488709856,75.50690941583338,47.45404375254827,34.137926034479705,63.899235276037565,25.718359156455136,51.87181679585761,35.59625627411037,88.93768157681824,57.007728587521555,48.20754439558356,60.497832248564706,91.00679332548025,56.594655137001425,inf,32.2542512510648,inf,inf,inf,112.26852840899646,inf,104.36660390385585,inf,146.79149942149928,136.91267171526437,100.48168383599406,85.16131144668788,95.22675897901534,96.38846691068846,97.33876470598562,91.6444558510393,81.84728859104243,97.66884154479685,93.88694758449039,inf,97.678388395329,94.35705265181409,25.760347240901527,43.0205215219288,inf,24.06228873344272,37.782304773975945,71.96929550481083,27.586337146453122,27.887881782968712,31.196931435529958,39.35996968665527,39.27140267299066,38.786726859649484,37.466684411199935,91.60912605016475,82.36443232117213,66.01067427417055,75.30983890699628,73.977805693036,58.80031917706761,90.33007602426679,51.06380304703017,52.90122911279076,57.391527241618384,49.5094638740933,73.64716533525649,55.11299265634961,65.07227510083302,106.12841776440081,inf,54.37690394396392,135.63092498835405,143.33313966447224,130.85134407105414,inf,inf,inf,131.89882740576002,140.2675261594082,136.3563270139089,inf,inf,98.27314402540782,inf,94.89818867195437,inf,125.35710304928506,inf
42.33095142710128,29.716233129463706,25.067532787592544,42.39614340203659,inf,23.797249777065485,inf,inf,61.894378997218084,54.231046023312395,19.13403147700984,18.191133892900222,34.846339339870156,inf,15.681115252349269,15.670532573485177,54.96298001745764,38.858630586244566,inf,34.78469414395617,58.67821467297866,35.80673976062087,42.68049314693102,16.147142693969293,32.822500130930464,86.30837580293932,inf,108.97204448446742,139.03260265527862,105.43783495578265,134.51711898333727,107.28307400696954,inf,138.61909319407485,inf,inf,79.68223421237201,94.80003227208145,148.13018195202173,78.47271743441279,88.14395210187662,80.35617219079491,110.28204566960017,91.63572402948073,88.20947029078286,20.645628740529503,38.339877701516315,27.87271278726744,34.97745951658955,81.77100515860447,39.633777117251825,46.29946814601935,47.43213622072974,33.80476567224334,25.754187747124412,48.61696243032574,40.240921054573064,inf,97.0830937169283,55.9160085831627,52.74437389995844,99.91351718857133,89.87902903264622,45.97595246497071,88.7726202561041,49.641787472931455,38.46944466253878,57.73146977502232,57.932829006978864,55.319957287694244,45.193729551546056,60.53014461806118,90.42126111417248,75.88541922209644,68.33211503554769,130.52298910136355,132.9830490599156,115.89329221599748,134.55447090036873,84.76659998971859,inf,inf,inf,inf,inf,inf,82.22406748563019,inf,92.34423769388782,inf,83.12947028154515,103.84283836293272
25.06098840469623,7.357844531413566,20.881846490867645,18.57217251032503,20.18430005312727,21.336363334896745,14.813352050385795,18.665907647380912,inf,28.604578334632595,23.464825328518515,27.26345314255202,inf,25.39994237720908,12.016211934023843,15.126330243319876,33.10650371555209,19.72664652022118,24.506030355103004,inf,33.62242905597126,18.97911062216454,21.589614901972645,39.85602974655613,6.285690298096992,73.22506513950317,inf,77.19850009144783,inf,inf,81.9046197090169,inf,inf,121.49327874586103,118.02950220841103,109.4933068937067,99.18157708837916,113.36386538426866,102.7888609103142,inf,inf,94.65619561831458,inf,101.96548259547677,inf,33.11252642611909,45.58669898711071,39.89802172015851,54.39543222532995,125.40041414213286,46.783460545365074,55.427576950915544,43.78914992386737,54.51838694669067,33.630919292488606,61.30811683253419,38.291902721723424,64.16929456513905,88.74813799218462,inf,66.31635185016468,80.47391023019046,95.72229256633415,54.73076051844432,inf,inf,56.51459333889607,73.96871098270188,63.38648553258869,80.99079457652057,67.81127408183619,77.44666767214935,132.8409996299105,57.79562309681258,70.16406452853485,89.36057622403456,77.38610821547643,91.62678657748944,107.9126128822868,inf,151.1681529656697,inf,inf,85.43480653518068,79.23457234755968,139.18924145372767,136.92590869780588,95.1318109920301,inf,inf,inf,135.57551442771447
11.401705602546206,17.55045377186368,38.277864017652774,20.017067055205317,37.515003621520975,42.42923491882013,18.517136346762427,43.770434586406125,inf,14.001701127293876,inf,inf,inf,51.561063694449864,36.83313752550035,57.3181884167071,30.13287767563271,24.347987045681222,39.25088374698941,23.44298255362692,11.476554755777247,inf,6.313299679363132,inf,21.41830523340004,60.89137778370454,inf,42.31554618236093,72.76118220171952,inf,inf,54.62633973348,67.67409650397416,165.99331143913838,118.18741306125418,120.66185029604686,inf,95.85964969582948,inf,inf,116.1846617970428,122.93243678485297,inf,118.36136412615018,inf,55.850441763218456,72.8550092138332,64.66408404319574,76.31152344928141,98.90868834265865,57.33402010875843,71.75985013442676,62.91168429099178,73.77055429105779,62.60136706219144,83.85419344402824,79.96805214701452,101.48035560947493,123.3710575097011,100.58466138619488,86.15423091249404,126.97158675470016,142.4450225124174,71.68824573482897,118.65301657471659,inf,77.5379629050095,113.25041160257503,85.26395783640811,93.42547570674826,inf,94.48327688530011,104.99377754942238,88.06199935128961,99.72851115095443,62.99660257910561,65.12605272094697,75.4154747763919,145.39019639650311,144.18639140462304,77.04462648848063,78.96955847398887,76.28547041659475,inf,inf,inf,113.70501037491593,89.62176949863765,251.24379669206547,inf,148.00078610925468,82.0590628086369
58.95128192717902,54.88827134471086,inf,30.652825516738748,84.99737616939314,inf,inf,55.92449099395767,inf,28.09787775435995,98.86193641309232,73.86933185757569,42.23985395839879,65.80519862770724,54.008583556296834,63.561487168187824,48.45217335297881,32.33367258850638,68.62981039851155,37.248563848426215,26.73793447454058,inf,26.59835144568843,67.1606261744233,inf,35.46329311068208,36.750337956255485,26.358285650976836,40.894937449202594,35.69041532269225,34.10049462865669,42.67057213990792,inf,192.84209279437823,143.5629527900025,150.48146505803763,86.53334125091237,inf,145.08040668070907,130.89176941200478,inf,103.80971153303832,inf,inf,106.01173004991865,77.46646716552273,109.00548919769454,80.00457341638433,139.94440996010908,111.50794120768848,79.72729222085532,117.38401754225339,inf,94.23890471687618,83.71464803572633,inf,85.86569410636216,114.45344674723789,inf,122.80550715759092,113.6228965605021,145.5943811485563,129.9275353161302,123.56074838566782,130.74246552430355,111.22913321521301,98.35928845044572,122.03349766298854,105.17247289766085,inf,104.43490257162347,inf,106.34443852504937,99.03467084602326,118.25203201769904,61.68479371998538,inf,inf,inf,inf,inf,58.6209552808653,inf,51.71314629309217,45.142414745427885,inf,inf,inf,102.77239915431286,62.997615331648866,81.90420270433125,inf
inf,inf,inf,inf,inf,89.4513531049598,51.65112142489597,83.30123424911521,34.24409583617931,53.901790480241985,97.78801062755312,89.08217404083238,60.21636571911864,95.04593628499718,inf,93.15403262629331,70.39637475439243,73.3281778184836,inf,55.64020903395624,55.10699533887646,78.54450682984574,inf,inf,78.75096713755363,24.00613818109945,43.10887717755294,34.58533789951365,48.40676860806276,30.290325860190045,24.663600228120284,38.46436470625894,44.250924204567866,89.03781012031682,inf,87.1502287645949,inf,75.64518170477318,97.31370440626097,106.7114525815336,103.16509574000457,93.59809822533339,98.19193458308933,94.36386598033722,186.1123181049253,inf,109.49256512723078,101.85650203479115,148.56656910841852,inf,inf,113.79119171556908,112.76721636234153,inf,inf,124.74202103029799,145.1148077530543,137.61012353070424,94.00691034634406,112.11375295067603,inf,160.6443290827126,inf,inf,86.37052279410685,inf,123.30704255774053,inf,131.8977555935309,121.91210774359602,174.5008783198014,144.8755646306016,101.8795238600768,inf,139.67221808537826,48.274944403160006,35.658973770392585,58.11527123412628,59.93493506263414,inf,inf,inf,46.39852562635837,58.20660641422572,46.18879907440562,38.00129737895548,inf,66.44696204213153,91.72708412033901,66.24687306600042,72.26049549353452,60.24223516584401
73.90273871749109,73.42746806863502,76.25262809550513,77.59352273397529,34.51478315037664,33.87843884144625,72.44739516790798,37.19493125309562,99.15321387104729,76.3130599835467,60.91418414231354,38.86769664706514,74.60175306934822,30.250562695851027,38.682024135241996,inf,98.35917518131916,98.0829960728387,inf,73.11345841280257,89.78268116901661,71.93737008307856,77.36543836017312,71.9844837450662,inf,182.74671688463675,inf,119.43193032018642,inf,inf,128.4519674505957,inf,inf,141.51004696279736,126.05306685502454,110.45380418435532,inf,130.7325698481911,180.2272970402525,inf,115.0637823811238,107.85378065939024,123.52113402952155,115.6786553161605,123.23315697227396,66.001254233127,77.59473835535616,68.22249644911305,47.49873032179915,92.21072543371633,63.153080134757815,79.27844963433827,75.77620402120593,69.16175310750883,inf,65.11574766382918,59.7759996721518,inf,128.1089997009263,inf,81.1248972799712,128.02830772886622,inf,81.78384370507074,95.53724872512024,88.89036772754021,69.01346663249372,82.42920180989208,inf,inf,114.1179724954771,87.35575101652269,117.62120139928436,73.49756187022543,77.62237356232143,inf,inf,inf,inf,111.30219088705658,inf,inf,155.21327326938322,inf,155.61941711166986,136.8182714996914,inf,159.7894670609393,108.7746245712976,inf,126.78589407372496,162.84597038750044
inf,33.94730806703086,19.346540897480914,42.77343145102569,16.03578602893698,14.012807432500697,33.96971570308325,22.116115982752753,90.68696804401222,63.5973656206735,10.094120344714836,21.645744942456908,54.5525037657109,20.018595335233748,39.97678345794249,19.19002234233791,inf,inf,19.325115117542996,48.192070138330436,inf,40.23973472436099,50.92300745523751,10.208910692214602,34.71938007292679,inf,168.42691504501312,inf,inf,inf,inf,120.98679054722427,inf,120.31574127183674,inf,126.26449750356636,113.08500074324081,inf,111.1536649131009,inf,115.19572230427262,114.73007413122414,122.92661735471731,inf,inf,inf,67.89162052791212,50.28319478234042,75.19640361728449,inf,48.79491098078722,51.58441309331733,54.16972813200954,66.96969864466212,49.78872798196334,inf,66.3956134209283,79.9235071623434,101.71715350526087,inf,90.93002758882928,inf,92.80573681551529,67.52541966357093,99.85011384139644,76.59284559473917,78.2274739722549,82.3413446370712,71.19320232176922,79.98748979635691,63.286671441408274,79.35819628433629,108.89411280673184,79.8821219484988,78.52556007724151,120.56590935609368,124.64569338472475,119.68313234061812,inf,inf,156.58397217255472,127.43423159362987,143.71336717404634,inf,155.48140677930326,inf,144.5832408368462,inf,116.11960222694638,124.36333283950373,134.29120548972296,inf
27.424516236371606,18.27994006046618,12.007105136366407,inf,20.171833126016857,16.059694522825144,16.70393835752196,19.38408835296934,37.188454906890655,inf,20.022058241615305,18.482550279076772,22.880835997764354,30.69567691857098,19.599925703634767,26.315029642926326,inf,23.27427859140751,19.78393862614399,22.276454535402042,50.12367127393118,21.67157384422518,61.37751718489941,inf,16.954855022855227,81.58150324731973,inf,inf,95.42993228481615,74.43032567954762,90.5387474423901,89.55015482481338,inf,inf,113.35863298217667,131.39826513964,inf,194.64734525047197,119.27660768728741,123.74137982861485,inf,115.80632277074204,112.48077684327856,118.32878863093838,117.39021122332773,55.800627020413806,67.9531388675004,60.69383302912986,67.0989930878979,89.48084179704864,74.47534207388166,63.42403721742402,inf,69.41508160061097,58.58682067667801,71.83561346654245,65.10352959717869,95.20212659063601,127.71955343011052,106.2469981106397,80.57994646177582,125.64750386357323,87.69152807656052,128.36986892682538,91.44093269552845,inf,94.69193044897821,inf,73.31531037198133,114.33205515594142,94.75522249356018,84.7290454747291,102.70220081446362,83.73244531141245,inf,97.23744541350527,95.4167677077176,108.25256595992337,126.08785028588198,inf,inf,174.01649827780676,210.267698398868,105.44611659749258,96.7353571691394,98.79026557580971,inf,113.32793920246993,125.78476785335968,inf,127.5203833804962,101.81739100779667
12.868892250681522,26.722128215833948,30.738175484576068,inf,29.710380537240557,39.287782879976504,15.399479638982065,71.69136248858258,15.732664627421629,inf,61.73406169224687,inf,18.788434868206114,52.40067017874688,59.88350092448859,76.6486283620307,inf,20.059467915876564,inf,17.733033092026385,19.765634721358495,20.459242078038557,inf,41.08076547688395,26.399907804834598,62.71521941043851,inf,58.49084417392368,inf,55.987184781604306,inf,71.40538343837295,75.66149886191786,134.5034731162228,inf,149.03155462927825,140.17312615138545,inf,132.8549622970182,124.31036068463723,inf,135.11926822975394,134.59140945471893,inf,137.93644141504342,86.21094397775423,85.74209531586914,inf,inf,inf,68.64900954094566,123.23670750118033,81.7881376971479,inf,124.6263471120858,93.18394678389518,87.54331888378304,107.10274777327251,202.22234903350315,99.402801713999,109.22588404181133,138.04111804196802,141.21185977446734,99.30865504975222,145.68788402530942,105.69274393819319,84.94764094346753,96.66352346988995,88.05635146641774,101.09080509500787,89.99317959101239,95.75780635592118,139.09488144238412,87.47488745673549,103.91584747025662,inf,75.05552551675524,inf,149.8189852654237,168.4095710048942,inf,95.99899774822742,inf,80.68148574666111,87.29869982332158,176.46734392282536,inf,93.8002455388453,inf,87.5007266510007,131.6642465544195,163.88402522922016
37.28929726632849,43.54001449889064,52.979599943595105,37.79840609741029,74.08473401084888,73.16893673748373,39.376989263821244,70.11320700510221,16.45471982087846,35.968692376834596,79.31204748373918,56.13122250496828,48.264930214384236,71.9055124089016,57.920884763289365,88.94389762494365,20.58082857707867,90.90296961857234,65.93231301935616,inf,20.7631522825586,34.511094104040225,26.736235718522124,75.50922298222594,59.46933233398614,57.34899542088792,57.50054322743484,55.80080268695806,66.62740751642461,inf,inf,61.430034844431525,82.4466631672173,169.47717052789346,133.8315583050781,inf,inf,101.14109658375087,195.022827975709,222.89381294225498,190.9872812537488,144.45623897479715,164.76220133192615,175.8203124688047,inf,94.44267449522674,87.31279299278636,93.58330804157498,111.55513359485197,inf,89.84118989735644,109.65071340277058,101.19880668134938,104.68843949629871,96.14661868755098,inf,94.55901656770365,118.84050572783178,116.62139587507754,inf,117.92857801426769,121.9699750319801,inf,156.32928662260485,inf,inf,109.36848164472647,155.2567277021115,101.72620943273415,135.67988409892482,110.44203174829711,118.3246169152896,123.04672528382156,151.6790556528352,inf,78.98403057125005,inf,inf,inf,141.3658950048297,92.14288384754835,79.49302370976086,inf,inf,70.45823158786635,70.9309403472187,112.50067264848113,95.6224638471207,108.96056979556145,76.75377310487528,129.4538302692333,inf
inf,65.94597287249945,90.2299652863149,inf,inf,103.45057612569268,76.66939371374387,96.69148627997954,56.85796529265295,54.57195934026111,97.86362171912873,103.80490582536069,57.12690982954039,102.39269917852349,inf,96.63568544978756,40.06841533600242,52.19411384715769,88.56546446653353,85.92805409854586,39.6192574647564,62.77704110939128,77.95722295171761,92.40176202344898,80.47806195292569,76.67546370725042,inf,51.876527629632,inf,56.23037633627684,83.70705178044477,67.17161206407006,91.23512724112531,128.22845206505772,162.8225508897331,125.47061555335519,189.75207625296719,198.93859180032908,inf,166.66870546120552,inf,inf,inf,inf,143.12029531652325,112.9181420551231,143.23371546189716,110.53273281440448,133.76917675768328,135.1517424851191,inf,inf,inf,123.42001190109262,144.76036802994798,131.71425515307976,111.11183189950236,inf,inf,inf,144.12026583464038,inf,inf,150.67080412775505,161.37628573304457,inf,134.28058040905398,191.69774280237795,128.36251201060622,140.6541153055285,130.75929348335106,135.08544018355363,inf,140.21805742894017,140.6216012346839,82.08763351013621,60.597667788221706,209.43568403277004,94.59783833359737,inf,78.07078318476236,79.14585655927564,inf,111.28726901356254,65.77862957584692,75.82135402950792,198.95517444368306,inf,inf,93.89200286312334,inf,205.0651808264513
