124.36813114579878,92.0679616721958,150.73508068874884,137.09667970936874,108.68298218233825,125.87855115266053,135.81814419333645,114.09750706743304,103.13446404510277,103.92292220778472,103.34338532636069,108.37673910279105,101.08767958019001,118.52330232963521,111.60549491021274,89.13559385298815,113.23966981113846,115.47929267293777,108.00193924101887,106.30656742062743,116.55678870275602,54.40739244774218,54.22124363962095,54.11090081324958,65.98233713462102,71.49533260562806,53.55813477139724,70.6783295433617,55.59020637049652,84.68410586859144,72.32854247718875,54.69670030886598,46.22320111187903,50.64253347892638,55.432631618266264,69.59634663685608,65.73902122637547,59.32114919798809,100.80033959672468,107.20335482661376,155.96041818401278,129.1731082981719,118.46959299081661,132.586944483317,155.24829611425125,93.9720569667264,114.75868590025385,135.12967137707517,129.59559193737908,149.56154379997267,127.2733049112345,181.57415806605303,207.20736822904468,184.14132639181318,206.96668740432258,187.2840721602337,188.39288975840824,155.3390443389421,234.70601356731453,183.85345505064407,199.62723330615333,167.23173747615428,149.975156010885,205.45469086687754,148.04766032359103,230.4320257556915,151.7562741404694,167.70151249382354,176.13465717064366,177.62250973696385,149.94917344249876,181.37693173263685,242.94744289078417,168.49021202401082,165.06508912611835,221.1220450775239,79.3438640741397,84.19926849529715,83.45336406001802,97.16462141675156,92.6461015135197,78.72582720997109,77.75241810256864,72.52293974900115,85.24856096270398,119.96600546009779,78.37083492131703,99.17242089615723,97.67871384975943,83.80090434639786,75.64213047690622,108.5325590747048,132.88535520249212,219.6052488165535,234.2979589257194,173.8707317395682,179.06745051599836,233.96112753015868,261.18752601483123,176.2682590080753,194.41934772689942,162.05849742106506,244.7211829843887,192.25064181896678,169.42814064787325,162.30177838824972
128.28055689935695,120.35241119442094,99.61233155366442,170.44097313469658,113.4375628079708,121.63203628838654,101.7982395001894,94.61431264325606,121.47000992864534,138.42029650856443,121.24608572619451,117.13216628306552,132.41462876338858,97.2405000886453,98.51585823142287,99.02052363149504,124.5541375990106,95.8352259299048,112.46626163516156,158.6537985356617,100.8417708504402,59.25812711915468,68.90771176710165,71.44362087628996,47.7360380056308,81.39372752935844,66.97743413715708,62.41356804965788,47.35756562021837,53.27109158448378,60.50455342486037,47.87684683158943,50.17504782293451,48.90067367751835,55.31701048771996,55.43074022915722,70.19712658446093,55.54248446869439,159.0782307789504,128.18000280529338,121.35706640919562,124.83430847848608,109.89141986635255,108.74966605503329,96.95286387486196,78.64776977888428,87.02939678581362,165.2736738748723,130.55496713896082,97.41815320210137,90.1400739393161,198.05179652592818,174.50139533672078,148.0270068930396,176.8088227671843,133.34727959043082,156.27502140113407,152.3383113015006,168.09002046374627,172.69931912926035,172.18365294601963,137.37658586281475,151.03314554751123,163.3140409777971,198.166990207544,149.28475963342888,174.66342584557822,148.37239345996733,194.3495656442859,143.41524961782136,144.26860290271478,162.74249799261457,161.93594273801716,165.49870888748583,142.73199916860912,189.2285002671319,76.04745255029492,67.80598928335024,70.56213857259543,50.68938533764559,54.62737979555794,61.550242885595544,197.78740595176978,62.1599488827728,57.57051082568139,72.31902606533838,78.59157389820543,68.20265502264864,52.21918661394521,80.30613381445612,112.67749181226814,68.34641246574867,72.57086626832232,178.00493807440702,215.86574996039184,174.2247974060698,154.6063707074344,163.79231742775661,235.94971596016748,168.92454367311663,166.30480798489899,159.8894283970685,167.8723242660149,212.71949387003266,148.7082496705516,151.07596761380867
178.5926001609773,143.70753628333256,107.60911722760777,138.19761421709296,129.97038812113223,137.86615265059558,114.51800027773986,162.07164936374565,128.7157071436879,94.55148823862999,128.37884162094963,137.24805936474004,105.72547448116784,143.361325549489,91.89798049324932,110.4396473620465,164.67320658898777,132.68189491388358,159.2797460749986,192.11682017916877,106.53397032144578,65.33681776592016,54.21078589093497,49.95381526612609,74.65784442797536,48.84778873788939,60.14952859998867,45.10558856470177,48.26144180146393,78.06574236632062,64.66753700421296,57.379487382150785,60.12824233950989,56.71744825850482,51.35225877960289,52.41010071992262,75.52877980396266,48.57326409903298,67.43222743772496,146.60069235979122,73.86766586776861,74.9379016583594,91.4329671244397,106.8132666155584,165.25309992069998,69.84615877738699,77.2126982998382,87.67409238225618,97.95620701467453,86.79486682016926,82.26236480937123,162.15338223285485,207.15146103857938,163.28570627600737,141.08230682054133,121.03815731768104,143.9896347680254,157.79849576875512,151.04899068037918,164.82588592939624,164.73174915728984,142.3465341646821,155.02039895619558,156.26870578521968,127.63947860736286,147.97633873358814,152.96784529404482,162.74840281915266,164.00691919286578,153.78991625111865,186.57756019814278,158.42829917901645,162.09378114817764,142.2399310050304,147.70644889940644,152.26832611480648,62.83090917852815,44.9772291713232,50.78940908502953,47.350170398767446,56.48259772758857,34.65861301472887,33.10090096691207,43.024641843213885,42.65140444147285,42.664494540174665,38.00720916323554,35.36458674301274,39.67968267404956,66.84610298235519,35.08664223147418,38.77365307107804,57.1382740737949,177.03280220912288,166.94559780217133,201.74627634628578,167.90218164547127,163.67242820441177,143.77330550694657,181.71557871081913,156.96957200602122,212.2214674338418,192.56945191426453,179.88963247076546,151.44433653169182,148.00005562857223
122.07267236435545,131.44272553800565,118.53509567546884,165.57234052407816,112.53619697882176,169.62624543778526,116.63653504148449,135.8709330376495,157.70992988363085,135.98673919927913,144.84895202172626,139.98545338400683,100.89556665313272,129.8265342548025,127.99858658813329,123.81907778950223,142.8130886977986,122.07922870551862,130.8570817964353,104.99834961311377,123.78389500855165,65.03588033031374,76.98722809931465,64.71027030616406,71.26135979707783,70.92915071376899,80.47582759106379,64.16811729111829,70.31569314319611,76.42304891231949,122.32270218580166,54.31186594448459,61.94428284981488,63.237864073446644,64.22523005665238,57.46829083977164,88.10953685868657,69.90221897011992,59.79330412256631,78.10975291406942,73.37860097951327,116.79232352328646,47.97621910787585,67.411603521385,47.08798571738297,117.15528851890657,70.20713587238039,121.96468589909259,63.22273204974982,84.01700336650562,76.78248537016749,178.20277818243622,150.73310317321025,161.03791236029718,137.15380375924133,120.68657831100985,167.3783442754733,130.07718729558547,139.87292259649203,143.9817659075061,161.7844597339299,122.07622664948876,132.2196717152659,137.86152103701795,145.0933776397157,134.52668765075558,170.52200979322598,112.57226010302867,151.15084301926657,108.67377838556452,159.84423605971068,147.78939272189675,173.31757195215255,125.8762631102554,155.40591167277972,129.5951094758551,26.84196436493474,25.54813027159005,38.886382749781,27.351351476958413,24.136716239695552,25.770909375779755,27.699238083058166,21.420204162146653,36.06085507336237,20.001836288739586,21.768411714133094,20.228654713884637,27.159520936321826,25.402175972991845,29.57699991250048,26.593684833206375,21.35035352018558,177.46740164304424,170.5141748105432,183.60277461603667,172.19074132689406,168.76992568788174,212.73373116310515,213.60287859004504,190.69373479843662,225.993070498181,227.64898844374486,191.80467160899533,148.4651696846363,184.25002319559633
169.9773308156788,136.07256492313306,144.2470759844979,165.34185991266065,138.42517333007706,128.29965100911727,139.1850018046576,125.93688856499361,116.46063359157043,224.59878967848056,130.90204883630983,153.38039114133105,104.24026257908547,138.57517799835125,147.79263937740686,171.2747287003294,148.90409125526685,183.42467250274083,150.30173112766985,135.54150929701956,153.0621673467944,74.67785787307068,85.12178095345749,63.849591464955196,99.97957190306023,74.96133809337188,93.96092515250402,78.26503455505255,110.12232248690219,77.51988985163263,77.15553620280768,60.8217932318634,78.16974803255624,89.23583696805983,82.35925318108438,72.02000753707726,130.53314199834793,149.36916394094925,42.159557483951964,45.51993023216955,49.351938317355895,47.70785218286266,35.734835496271074,56.19595795787298,52.87887920080311,32.26957938035321,50.91384193771763,48.951703321250456,49.884914309376676,47.07659973040842,50.38460973316575,153.34539048324942,119.00136082718636,126.3609112222282,119.63788935253226,92.2615931977339,103.63736447852442,180.8675730291761,107.19057374035549,117.57751677630318,135.30215457504684,107.87647964196606,116.75925957068145,132.30874719292564,113.65602930274619,100.57255765446068,144.56940809466155,157.63632795687184,125.25422123974818,179.94215711846385,136.57621600241362,119.568008086648,128.4573036489732,175.87933289890304,106.9227671235964,106.09685118213669,27.24494334314379,17.555370656175,28.13153744670764,19.667371171543685,13.878646804434819,22.94401419108309,32.15765005016009,28.582251563117875,33.587157070839034,20.086651902466922,17.543186315553516,15.753678185291218,16.78572596087225,23.976081250106166,13.429926884353353,19.942015275320596,16.108811179546443,241.71728099170966,170.1295208486673,173.44128354997545,241.5838894001713,267.39894250877916,173.67024247527587,251.32681918679822,224.44233526017007,238.0217213384399,270.3837712046645,179.17825530010396,251.40155370379472,169.00752045799405
187.3047732017235,187.1134631581524,143.6475584899203,163.15633474258274,153.04773257169256,147.18201457713897,155.88653029891645,176.99688137954186,183.85237604697903,173.20565278942988,178.09699465817766,159.7928598577783,150.46866147388513,170.81218008205818,168.90120572511375,185.58227906282082,191.48740396105816,138.63015698491955,185.13473983790627,169.52877761550306,135.75796516410685,180.6455030781414,108.62679815049505,88.22294985528742,138.92328481084832,96.60971308399988,139.5898956377957,100.27988978300867,92.96973025487856,93.25674831661713,113.07730369489752,90.87650786326698,93.5676865614494,119.0851603215913,169.08369844555105,95.41326755778199,100.08188004290373,118.18712352972472,54.601705907635186,192.49893704018567,49.00752736645129,48.72661659612341,62.31820458981366,50.53869550932752,17.750583552689378,12.212588583369303,16.88737711838678,35.06062827518117,34.41827614342472,27.73031593214298,16.754262508414207,110.58402347175426,98.5514421325316,86.26588076047298,104.50980764957018,149.13475852449474,92.32558975980052,97.03169099426277,134.98742675676246,113.01482952455646,112.14134447634568,81.15376871920306,85.92762056948462,100.01848342648054,92.33676273981187,94.48759976417797,96.7223258044516,83.40710072102931,98.82840044390576,84.37141859855176,94.95641687481125,78.6428229993774,105.7151596784856,115.85364031492183,91.74717181645632,97.52229108864762,27.820165407289252,42.057554716015595,38.2007107606063,41.135731051238025,27.24727188165894,35.313965002954134,41.601209136433994,28.46122414156835,30.362148648934927,27.353833775321558,31.392905380598737,23.029367583151426,24.627320155889116,27.592635038887625,40.82293574251251,46.034797975919275,28.113632753241166,130.98263571484952,177.34308635377874,136.76703563366988,159.14889108190496,148.71451971205556,140.34322667227062,126.47079682287168,164.96618087166604,149.46398092802895,197.90870018043188,206.5388105459152,138.2584631853997,245.48520387525755
227.4840263484797,173.17642478105836,235.98633809869187,201.06218870801624,178.29472851550412,183.96028585067106,202.31544502075172,155.25226605377526,181.11664731148645,176.8470420587716,166.57355680749254,242.89903745545797,194.5934194892615,159.0848559116679,151.2129900743101,161.66210145020344,189.73213497494189,257.3323655994651,193.70516142415283,168.4522733245527,181.71402425818266,99.5924265822199,126.47132224389874,150.24113005228486,122.83155960054484,116.7833439104355,148.8422494541199,110.80188093162123,108.72971307168129,120.46021108037064,166.51904840927375,168.2765627952876,158.5058329704365,157.66218725232207,127.9554699785228,99.28329984003999,129.93863262403076,113.25451732690634,36.02325197088831,26.98736013241895,15.871849622600049,27.37649396387372,25.29767970051363,21.485312840263965,16.105445547847516,16.333780900456283,14.33870906843191,39.155979780185845,41.29160700293199,26.443680972860108,23.729858843128845,98.61880485980933,99.39813604965236,78.76200229013084,89.29827247716247,64.35686137531104,76.91620016471794,91.82822974709053,97.11312741885081,77.30787144390166,91.52386920134565,83.89866503006908,85.94286991644599,82.12679927119764,71.49685643989224,94.15868893195766,95.72975691960137,75.15670601863422,97.7916937696771,81.01428657615844,74.57120712502348,77.82689442039229,107.73863814396215,96.92764725078791,77.86266839362845,100.0487541283648,56.72491604754932,41.36799853571925,39.36616163425679,42.29509595245109,50.99067410909165,54.88805529589696,54.82767549216519,45.385105967973715,51.52500320421807,42.071435598872306,76.01013202761459,40.16116578828107,35.333581574676174,43.4331454388671,47.92138921514851,48.19964840897906,37.39636605251964,123.73971848302236,133.41506505946302,135.59328650093897,138.7337212910318,131.67299782656414,139.2529524854002,128.37559729810968,128.23742339154484,201.48304525159563,221.85836153532537,128.1397695464546,145.40817221640248,137.82252033209448
212.18391268526474,188.40987204715066,212.32739544360834,205.0740566925415,230.0391230052152,240.09403183652412,197.31565248750152,208.9412356878812,242.0502050500199,283.90902220448726,204.93165363274812,258.20053608383455,187.37282786587875,191.15348756803502,202.40744989267387,279.90076480639,240.27754824926555,216.19048393613232,187.70759894770478,229.2019715941932,174.57691635071345,114.34617733387216,130.04345742702918,128.2072179775247,154.71127247359954,133.5583025682793,172.17883487925326,169.263416507692,155.88767169459783,162.90336508756806,237.11247722694065,127.93849598665471,168.64556905593355,130.15968011123564,134.27130428747247,131.88117887037154,139.05794712141608,137.4237454517432,21.293878485254957,59.38128090003574,34.63045315777348,41.82466535655859,34.4339771548837,31.849651738346417,28.691761522217366,29.05042373674123,26.91801600453598,37.97392695571095,45.94269542209095,38.824246561935794,26.870349954914744,100.50937426273038,93.21519827149447,83.02189609067347,104.5525918191202,69.90663225193776,94.2747578574606,102.09088455299194,99.77448770660749,83.6660388089712,95.01561279858383,87.11740065516699,77.27067411001619,93.04378682718594,84.26994007679266,91.89556193607417,105.92650695954802,78.91853434935638,105.82561354297893,88.11678434897566,88.00860474170197,81.4573954065173,128.19134310823077,97.2318270072736,91.40225940820318,108.15929718979905,88.1044132207407,67.52504033986733,69.34064357806635,61.58236952099805,64.24941586895234,64.68165382740008,70.24539229139073,72.636400905808,70.97796248045465,83.71215570376003,58.82752300606894,65.21500355122444,59.24750315936251,213.20613974256224,63.88786146050648,71.51329989692796,70.84877113326827,125.70524464576057,203.4814589036308,129.33159962127547,156.56596077503747,177.52767345773216,133.75111633354754,132.0214869264524,136.29890198741765,144.6157379583601,123.14774166809106,134.12875519765703,125.82260786791845,135.63928288345318
107.39218878127707,83.18094928496281,86.79350075892114,105.71604397366144,91.94261976656131,71.83588629229963,109.21889166888107,72.6991969465137,113.72425549763813,78.97539384513935,76.49200890999796,95.99526008476417,86.55914584697298,91.42294398704995,79.3295475044616,90.9446463393258,133.0595679684974,100.94404539547293,79.05582168235071,72.8933838262434,104.0622018462754,38.224245030745855,47.766811820984884,29.969306719826765,56.44441029861162,42.229284805591924,40.885207730571956,32.60331430089853,30.93739026939004,56.11887170409634,71.36611581816473,39.990179123630334,25.725258786290684,40.228108148489284,39.867305231625025,29.819280628133328,39.21997968256188,47.72623998448673,144.29916786171066,125.90322403795346,119.92835158653385,128.43575938027118,144.40461955499498,118.35314808084395,121.22344116819832,106.8380584912337,113.57211278950238,129.65121685900692,149.44587868704286,129.53961927445206,108.99103148269677,164.6893112812986,148.55356210619607,132.1186301884212,156.56325121210455,128.82330901617732,194.8047756977061,178.99543690337475,164.80799774909346,204.95132676608773,178.9741687762301,151.58155591724906,157.00343743084505,156.74594737059792,141.30991854497046,201.28558751242076,165.0972401815232,142.66100658691866,159.42680117052385,132.88018858663312,157.54952734688686,133.83070712701806,179.0441028806149,212.53263631377317,185.0284642357319,205.65150436316478,84.54524020398803,95.66512527150941,99.3364215643202,79.16905982940422,71.52170200552979,135.48476159341155,103.21219876420618,132.61350676157394,69.68029190216686,89.95981377528696,75.42069587329689,88.05777802115855,72.27183756202331,130.99118809467947,74.81142587309213,112.2117865905557,84.85076485376376,168.5736408702372,179.7109384826416,183.86630657387352,241.06693124996823,226.8913817375872,149.99883798312038,184.7287618911645,141.71228946211184,153.22529136591243,156.61659377357847,253.92332244886117,218.39927737459152,185.91683105773114
85.04787143762354,113.53702821499,78.30555149765101,79.69481841197195,149.07465091478252,87.9923760950489,87.84343093124899,71.30158934014081,93.30768953706117,157.6783791821017,70.13669684212306,94.6482410692171,87.80884378668337,77.28205600476896,120.5442087368865,78.92569072415368,99.54675873454514,68.61246009068688,130.09021200038225,92.94679997913921,103.57083727917305,69.18466178434433,40.67915319098116,26.546441648369125,48.8612268601934,26.226873433505308,37.155227336454935,26.54332379863505,26.32615343676529,40.96232701344969,30.601181951112697,32.8714754826282,35.04383620170729,28.455006995825755,28.86603272823816,33.007342852640136,40.51167622996489,48.802856220232634,97.07211762938488,131.63276223175498,93.99016769895236,138.55323749256127,93.66146482349303,135.9249507600953,136.4819206909901,138.8060740194071,126.59196067365576,108.49861737171017,145.20459086627133,122.61388218579545,87.68904826469759,144.02272961496712,173.42493519649324,130.002470994773,193.59957827286996,161.73368964873387,150.05568304829626,173.69588362094507,178.0531353974272,129.4506080385125,135.93357820690906,142.02289908715795,158.23942788512005,204.4745152854589,126.42402903890586,160.25037393184286,185.72605195991875,122.26421382325097,154.21420245538744,146.16143288856264,121.11869828122026,114.99666825158363,139.73772361449682,164.31941086742728,169.5789776562932,137.59890323566205,81.2960167385625,95.34366639820902,76.98917180991255,63.037746721099694,72.10305480863948,47.874883547709395,63.22808220998897,50.14116516791926,115.36592490847647,75.27171805492976,58.29718035145763,61.79136594111087,86.50619632832019,78.07068170306832,57.79733875341742,59.2381737567906,59.30481747753008,185.94876470290498,210.35653633834818,175.05324766115666,176.49040091413804,188.9298557642733,197.84009989951593,201.48409583170886,154.92988784823623,136.2678200664421,186.21354273566013,179.08611526509472,171.4991700235185,189.93122691634701
130.76622965552983,131.34851210489032,106.81285004606333,98.48491928442728,118.65058098485288,101.60775969031299,109.0888718095389,86.3373388787737,88.72928726413375,88.00664418620941,94.22191793786757,87.34642327322067,64.38108063760315,132.60721052052205,86.93719369436333,98.21505257004846,126.21606991799418,107.64710594192418,115.76017250647566,87.6466901501763,115.92328790940464,31.134970966738283,50.40489520040115,39.52784921532414,36.487458808147984,31.292328925061796,68.66652157248285,41.67732286844613,33.74878184591339,57.34551310529774,46.188897813404225,35.55471637629013,39.824504463554426,38.38632947506351,32.53297404992223,35.73042594572547,45.93313629101884,31.789585749623313,91.13817905268124,85.18853682758078,96.04067839556117,119.33110456287315,91.46750213151414,81.15243166256809,72.53709004773886,71.210161830969,107.74842009802605,101.40930634231366,127.49699114719633,96.45902245623262,68.99598270207561,145.4356319624233,164.22382220738993,106.73255931200056,164.51929493236867,110.50386534789281,148.28845232490193,196.69909684636863,158.61400179018818,137.03381019482967,115.37892256165348,104.75851224077968,106.19027706762554,157.62498328767765,183.14735745679062,143.2781970264038,138.16070612886065,119.60894122742859,181.75690766358917,124.2775739927733,154.66190311113613,143.2302661208596,127.5425721151192,161.55080242273704,134.23561636269272,179.07092565735698,91.81598981057925,52.7134556250415,63.36351036902077,78.49010006899528,50.64343599918817,49.643777772126995,81.19690257223687,50.44271374029524,47.24314686218369,57.910684795744594,72.23084887078795,46.46374891028205,48.657585023278536,43.85621207612455,45.011466581530286,41.31919547878607,51.48160470753209,139.7535555315482,197.75204775113707,138.83144532955694,133.793024742309,156.52990790438778,127.71309951180633,134.32220739886475,140.58725379016707,177.4119969242651,130.1674739787035,132.0824590268716,169.37784031727682,178.38781831295117
166.30692186408754,135.99597424617076,154.74569969465097,171.11434287916506,189.17981226695036,129.2415362533573,125.87768411005885,113.40261564454018,184.45675363815752,135.56793331549852,122.28254893748974,170.77118864042865,132.93427807037637,137.67809132546358,150.49663826388866,139.8413259313129,204.67418965699912,178.8155762196085,151.58731284956022,200.74146557952076,121.10112043374842,72.12110930100776,99.27611967836397,88.3764275274185,78.50716204011597,76.1371533150423,113.54510184166803,81.81782952508217,84.1645017628424,83.91382303700941,103.29643133374987,74.64616894573899,74.99192460982437,92.72414286176182,129.21365382561407,100.50541416577886,108.90094928434472,58.30683051878338,47.67443581700017,41.622508494180494,41.65266164433354,68.22928868179231,31.934634489156863,48.92103759151899,127.72012923144027,48.46757290058699,29.10505457419917,57.21207665233721,101.76818768828966,61.03783890655994,40.52001046538351,171.90945399681704,113.07257009442569,171.4292489751369,107.57696717417839,155.70447810243252,119.16564121412442,118.24433924186094,138.75891003289618,141.1287391724293,101.8457487850388,150.72703201895658,141.04961513915276,120.13740418462207,145.54692252002334,121.80596889061545,128.59274037087457,158.55147587393344,154.3720972351314,151.78971613065943,164.56500496971816,148.0670942598303,169.12816469302493,178.46991078141792,121.24511549618019,192.35654427694047,14.320810134799544,9.388097125520797,12.326726361549316,13.986334248658984,13.798493314100746,10.57418259732573,10.298246057671337,11.627501756306735,13.704453631538616,9.27605751964698,12.881864143869663,10.794554722533666,12.185148843539245,14.516668190851213,10.918991939705938,11.707901176152204,12.287336306661572,163.18259645934103,172.42393797164365,240.53903794820303,152.18770660892636,168.98491223713194,194.53782989857817,178.79736533570141,191.10977158793028,180.54583815231697,191.29384532244842,196.34653219333856,173.80339303371954,186.81772362297906
173.10230268358546,213.27045389218753,195.68217822871085,190.00490203087458,243.16191493425973,193.1994662227855,170.30553370871,193.27076710015635,214.70516386413217,173.7393265851919,156.66955284347668,196.5925276009625,234.49270286716632,163.9323080360797,176.32681064365175,188.9885514613316,182.89829332693395,196.4547586209683,176.66228401118443,208.20370205982238,181.18840101923792,156.93179551324187,128.89361181563626,93.9088752804692,131.9397988314176,124.96867993897646,124.58811447589065,145.57438916596502,139.9149979703612,134.95557872467117,161.6593824555561,98.80533454758796,126.1357181865844,115.78431815180288,157.94754317909616,104.59081332132013,184.81200574914283,115.10383419534799,8.956464004746785,12.210486777918852,8.228978330446472,11.142612885165551,13.268941815723643,12.173418780538302,13.76104428030781,12.59442338168354,9.737565378865234,12.58471784624878,13.359631667495504,11.330100643631333,12.264564624873746,91.52673575514845,68.63434915077883,56.25834985765575,69.10206094112236,52.86560872987405,62.028101999698414,64.82968991164037,72.93229432837167,71.91335822313276,58.92298327345594,61.59574281553614,55.5997133157884,77.79703883069735,67.4820469097179,81.8663268365903,76.11343389076063,51.95456128793472,56.54111483248125,71.43025019519034,54.89525635949829,62.12347761871793,70.74796548726502,80.32910146419286,62.15102958409124,68.5598924422156,44.85571994190425,44.31020183616726,163.88372248714896,69.0457502778169,67.64938706970231,40.17983591951636,44.65424148497122,59.96745794423805,48.6112758944094,43.33792945876855,50.03524535306694,46.064851289361506,64.73270515412108,56.18502031168017,54.12376813473859,42.250540541310556,52.51143982507406,132.96716417977194,139.95654989905435,112.50178799838442,113.29062819721283,107.47572874267252,137.27136378843872,105.14724395896116,139.8245044961441,135.7754110291229,111.75371439552856,103.61867763222591,119.45048359404105,148.25728252855407
259.3240808426861,171.08531790198293,213.97269648850377,264.23738324309016,207.01351479853452,190.8521768007006,182.16359584301253,243.91028462353643,228.1609248090758,190.99727330212687,185.30077187050472,212.6806726273945,167.20899260208236,187.74910989529303,214.44764817109888,168.02470214032172,239.1664366365787,197.43919705513372,223.20429737033945,178.49531184515774,224.63358662448195,115.18554681422987,142.8431766727518,139.22844667127038,150.8611086993826,187.71653804260885,207.87680175758032,135.6192365370217,135.47818104963292,133.19781703983145,183.55682265779436,116.23192504736573,134.7734131357539,197.33659412798156,114.24593145977718,159.16593852512412,134.8542271546065,118.22548757358966,20.433415990967724,28.014984322079464,22.548042660624308,24.87090306362864,26.11439425851659,25.230370463268972,20.445040045774956,45.80465629081585,38.20685032547591,26.194542909831046,29.42200693609363,26.79566777862957,33.45969665891956,86.20913826627346,70.64164137531336,55.435500279469885,69.27988730147055,55.28277236990034,76.86115208588028,67.79028169544857,71.20724741185819,64.12155508884632,79.45293983910041,76.79751453192758,57.62311898874617,64.69325327559505,84.92416600326551,87.9039663879263,77.64618647232075,62.91161217013331,69.05675374369078,81.48085239428367,77.89723213811736,67.5497934047363,83.03221392254275,73.69137377250479,82.3709107720925,72.5953747417624,63.18590014572089,64.98208170841073,70.32326790374731,62.66134562563119,82.57737800660189,58.58914983507399,72.71692432471183,70.8499633307874,68.76317491503623,72.64623668047521,163.6307712757263,54.9963224388333,52.17186629845623,71.51538164718306,56.00758993352881,64.53352719691482,78.1396754709363,123.76362575629695,115.84283077640676,119.74479849800572,117.7724929008909,102.58827924166975,142.98779248046742,170.54465593067835,117.36609522070637,142.01904047648034,158.14654421096273,97.70031068014472,146.636814502366,152.2370663060065
91.3688131855458,70.0203300560025,70.6912498217356,64.35788043538676,72.40658180171592,70.21393074960177,57.579958979807216,63.26021216170584,91.76807785340823,80.96542924158946,90.05250247311012,68.52086872871965,76.75693894646318,48.86978645830361,67.1330714822306,50.17116880477131,71.29003756593717,79.14252292937286,65.59332561666204,101.98856029354593,51.15711144160879,21.15153645429271,20.00389463770847,25.96471998721338,25.818475644614153,25.3714661570643,20.707053005760628,17.307812154991744,14.015572971413672,42.03722358057249,21.568805701317903,26.11847009017541,20.32580454069688,42.57803491018603,41.116485121347836,20.96946722539555,20.68236090546558,24.88251069192591,125.13126926135561,144.55907901674348,138.02225101311558,140.24638663456906,139.61072866736419,126.08724583418487,134.5542596501012,92.0342880259856,121.85167994742721,181.17501907384093,130.95462085140642,162.34373178159095,121.44062411838743,211.4633804189334,141.07299793832405,192.81666609210947,141.16263987544653,177.90798756243328,130.4105867075946,137.52511383000459,161.0446488531711,155.7564227325729,208.35200255383694,156.09084328441165,131.0981215816958,165.47436237966522,162.1820725711939,164.81850330630317,182.999125647894,132.76148455469954,181.48305081507417,141.69218960603303,122.46866339030869,138.21850247291772,207.26800808850368,159.92763642417628,151.62164288339915,202.40442566351356,130.90744319859985,91.23512891576564,89.14045532193305,134.47952147923556,186.78269852324334,105.66408906136567,94.04757348493176,84.56684264903302,116.92998940162428,68.9310422581892,100.81422243586992,70.99496531538433,106.38115236656455,160.3677874155584,78.95763908311359,116.58512081339167,105.52254338231829,244.6893529363142,187.74269530827925,159.00413395418138,180.50587359613235,166.18042536150494,148.8938295424401,193.39446528935102,160.77093369937015,276.3921478221262,199.9635290256713,190.5995574922804,149.17277125938222,149.73854896272587
95.23607794258714,73.11346883845509,56.738456035050405,93.76966202175952,62.83284770525342,66.58677319015094,95.6191439702799,77.54011180946058,65.05900872132544,86.601991089463,71.83238724987933,71.30026718070627,80.57020657542706,81.20502434043077,51.058681306230035,50.69085770325273,63.00620880974642,77.07553676413224,147.40788967790456,44.165030870805346,48.942452468954514,10.579370963180825,39.460609814037845,8.479594435354844,10.14249427479465,10.307842334867445,25.921183874897338,10.29186773785527,9.863074342463776,8.936854304387099,13.330079041934145,12.50718014162372,11.877952056477344,13.871775858059035,9.543540743786588,10.224637807275741,24.393687240332582,20.18961116322152,146.4006841143118,122.48585425762516,115.23951095082613,87.40651127856381,128.18569117532527,116.91939246112196,101.93029191907657,114.94367591217937,97.85624705326579,99.89032538118144,148.72814380189286,185.99100538707714,112.35183639713301,209.86381490609278,166.54851504262072,130.52648278557996,146.49653220781715,129.63467753611332,113.57380293200406,129.64053202861265,134.93648399421355,170.57262766184368,129.7945361389556,120.37133128390086,105.0305372520216,114.42412374442439,126.5511907860822,143.0636359953958,175.93541835010922,106.81567646840438,131.46202078977072,129.39322152605254,141.80884525080222,187.7061463805506,135.16367274966345,193.51133325133782,120.12829939463158,146.31590927660673,70.36047543581608,97.79306334560033,128.64467948654772,100.3223099049532,61.29295402564222,113.54302178641127,100.372909499428,118.32666766544367,129.40626245103473,112.32527558762814,100.12743250049141,102.75107287629191,145.8088358558442,64.42606032317372,142.78504001669003,105.95389688104532,97.59930646542136,144.34662043613645,182.72176848289914,171.77409816047742,168.08643563520963,134.2666002394893,143.51948785584668,135.13510001199455,213.42754537254228,141.81640694179742,176.1790407577726,146.53556953923592,189.42290816348827,128.10947397885553
93.44179426145273,70.58457764784268,93.05927475204713,158.36251241336464,82.85775964852299,128.2830379100372,76.30114431326801,100.68538886420195,146.71601286378436,142.00540021431354,112.68218719724257,129.51296751799558,66.83097430989764,57.519476099333446,73.44154739787594,84.89947965555181,89.48854630329284,130.2119752581567,90.55557956013176,83.89389946594913,78.07874939180306,19.494107490093317,28.327873555754827,14.738299376891986,16.80684456461391,28.81892474136938,64.49339533869481,21.299905908419348,21.164614334700005,20.552390840625034,25.958787775322044,24.891729277800067,19.45281500148845,24.2298906379089,24.997018610624963,21.9805817501975,35.43360509854369,10.403032235153693,118.55744869705366,147.3244660750616,125.30079169487202,90.19342170766852,94.54952175432395,93.87780727911068,127.45262184497763,103.94222743780819,108.88683749002477,74.42608217825575,82.23437339152991,78.00879763121516,101.06745241591267,198.60850329418173,169.55064636945917,120.84974429818115,130.09781053211628,106.13544038957359,112.57461888067637,106.14367290530545,135.89092057695728,180.37541663807286,108.57681641513909,116.95172655890876,100.26597397762339,119.47397895857523,114.47661018557635,118.9722560624112,129.15005103389282,104.89680981428698,111.01263125005975,107.16916587449133,108.19405457302177,94.68499408196493,120.7571700088232,119.27005778505087,108.26121900841491,125.19282355049356,57.46008140800047,132.73775701742113,59.152762860552045,98.42003435076202,88.26242068212022,64.22476774280481,50.38402585521522,70.36131369800842,99.80841308147447,61.85662868949785,70.26545115210158,50.80537331502189,61.32064300786525,126.55303772992076,143.97142384119152,134.1252095227446,55.86743947010938,117.8818048351606,106.93457202425041,153.65026029888728,116.69995545089638,178.72693274113863,131.4366504317312,121.45859773887618,164.25178558602158,122.02378503733881,123.30752075865801,134.7612793169778,112.57900401661527,116.58096755464015
156.49711665846928,155.79863830762255,194.7976894749501,166.7563734720508,187.64556898122302,160.74204748535732,259.8851888295542,210.22354483667345,159.76164494029908,136.15899046743434,234.11719258222882,202.75531514652994,193.68955381161007,153.27199527446973,169.7117951033606,131.59203523740914,224.41334850167163,206.6942882711754,181.65715173785125,210.05486777434172,194.4843017400704,93.9754218150415,103.85051148460587,97.69326437250668,109.70801056981854,115.92906599082204,128.24730930976003,131.92560741977724,90.07807124348673,91.62208138343405,130.8429050553524,84.04693923829574,106.40479108021,97.24684333889675,99.11649758227796,129.44947917921465,103.66025119210151,79.81641983959332,25.890051658236725,17.88877668662244,34.15674744315778,10.543200631587949,25.75201485202366,20.625560423040017,25.197282011401324,29.057317957991188,29.886460248926255,28.70654190589385,11.224113931978337,16.190903257152367,28.297758795269548,70.59644685956353,57.91735428339383,44.27813899239044,58.37476880543407,29.99302649604863,41.129610964858564,62.33185789971785,53.15625946609209,54.75401952620042,63.89826400112217,63.40797480451567,35.4236476993498,61.640694150859424,47.51035438322844,48.500808844823126,61.17227500495572,54.035781096073464,47.202524092740276,41.79007010861264,49.82105862881815,54.83812486380592,48.16857419200954,57.293007122136125,39.994152046182556,56.32785857869632,125.21555478975824,83.06606500306216,64.4989357044957,105.38926583032321,63.819215638822094,64.43604617053029,114.98579786698696,79.23347048959533,73.35977904021756,57.02668008816571,63.67887757527102,76.98908977453844,83.81318132643784,70.73590837801562,147.39208560005522,72.20237118687449,66.18710641923167,84.66671832500883,126.24699836142037,87.02398049127245,125.00628824712173,120.36010082079501,130.67854029405748,89.28658221159009,91.68441343239623,122.21664878657894,127.96039708338812,98.85969682568626,128.7981638389091,125.66636577293445
202.17915696858626,172.21670679055964,220.39448259079174,204.17029399120557,183.55829388969082,209.93236035008434,159.61952317934072,210.12852533670795,194.19308483699385,150.4290296538704,218.86284448805947,180.1796876801855,214.44327977175857,201.87096664929575,187.01181990517415,258.1273170529304,252.99707750046267,202.40958370659254,205.35058545006623,179.33461335631958,164.50784391991832,131.22090028263125,119.61218878743976,103.85745231900644,132.65266623988816,110.75379824182616,112.8918449378755,166.41166167448955,109.63708929897167,99.13694708760436,145.56729038036164,99.92873953133312,105.62905229382345,115.7809066461731,115.381218919586,105.6587462221025,144.58589915529217,112.96441109003128,46.78691175107498,38.60851564067115,38.04715594873672,33.960155654951684,38.19133114614588,20.527681858705872,35.75803843238448,45.62559678438668,32.39353348717213,20.626709692412305,24.679651415858512,41.10812506482344,35.60704191816836,68.93814749341136,54.674053487490845,40.197885659119265,62.22062747962301,33.32769280186012,51.09570467236124,52.403080764922265,63.93140187949739,47.53428785596935,46.483816778117315,47.5174677733268,42.30464694815891,62.47992166806953,43.08738908999325,48.32822589025844,65.24672942634362,57.63349937882174,53.80766470425905,55.31979996293993,55.8740913172137,42.59897163423624,40.487428236300815,55.609119514229015,39.80401748190184,50.593547392691434,81.65786310740323,116.52943006053586,156.2087467754622,82.4331127354312,79.09264241625246,155.63516460487236,77.14558374184958,193.31528181712466,98.838233379307,119.48129539578824,150.1800733377077,114.61630693315757,113.2168834167542,66.29384525016874,130.87808288889045,194.1341823352805,155.01490804489734,95.1244780641008,133.1891089667943,96.78861652575418,79.01666390269015,95.26924123077238,119.18320966569469,147.60200801646508,87.62173471942991,143.54055704322684,87.84383546910051,92.08079978653998,107.88073123572589,130.7291325269256
72.75153308451614,34.586432725821055,33.96873253636367,63.537931214432575,70.88723675715414,43.03881928764046,38.00727916002799,55.580183593348025,47.028517031879375,46.12904598925323,53.64813296317418,42.10618850382276,22.272632400388765,27.179563201907435,36.12385445544686,32.73909715983895,72.30122942684442,35.710615985634206,42.114584765489454,28.294133506672818,33.314433496763684,28.55424093443049,12.24028913537547,20.962026813445302,21.024271190858954,69.28812114781368,14.452729920648292,58.553109191545765,15.550034724123211,16.218121590435917,10.900311004259395,30.18754121746298,27.271577882715835,23.98276953333497,26.31426803278312,24.803066046935896,8.541133593895177,34.13727730974763,126.1604198416844,148.98485297019164,152.10890985105698,138.41933471934067,149.07293175997518,122.68424669295604,156.38381670220633,181.78507436764966,145.1295581522583,138.4445309970638,160.59229252256455,171.57475031994232,150.92440378742594,214.7846229711619,173.70421078077194,142.44812562598864,195.9214171202413,210.60078723724243,205.9738523300744,221.9292724502308,151.52227991703919,199.3403642703317,152.0878972550777,187.9530610654109,142.68024826671268,148.25605501156465,230.20761774440138,163.90041921968276,157.8630413587168,132.10975641124142,173.21747024293992,131.59649802510953,143.41346831986974,134.35106578215922,160.94621671161784,172.31327577136238,146.15583690543482,230.0776498551647,101.29507216968148,93.07508609758452,116.88454273131433,117.87786099173792,100.55375940870606,85.81414062795113,97.55891198435262,167.5517871031054,92.50166349174422,84.55791724241945,105.75487846723682,111.07951686139305,209.75010111810445,227.45793769641773,158.17902295286115,166.0438818337133,121.28226366258241,173.60586285465638,128.12923048863357,182.82153186547058,180.06009858616088,192.32918736242567,149.57950779233764,199.4092544185517,208.90948433914676,124.83993913296868,151.86470651488457,212.1269998747127,269.6208157719382,208.95347547736793
219.92187139981607,116.64410121126508,137.43082529965483,138.88180953060223,177.84871474391952,192.22688662318595,128.27851327589715,147.42022995141002,136.80348517135624,157.83690994914778,106.6221665436482,162.1789013338338,129.9380816611532,136.86442203479174,143.11783621796457,120.79377278749911,201.95586909761897,142.89745468923547,113.35382613994402,97.31392377656255,141.05036276804952,49.1113441055891,63.74527611925447,67.61317466583321,52.62122303185331,55.31290523876999,65.26409271657855,61.42056487599404,87.62334506735532,58.34400863350561,77.60392876885511,48.229417280960604,65.58135804514818,114.92166831169357,52.85737270572037,61.1078730014625,88.88961965032625,47.10540772991527,81.5347145299988,174.89302292955645,68.02188294789565,42.881191403952336,63.74592829657275,64.77070466284071,131.9474509287283,128.1142268880311,68.68170878812514,38.12039040799154,43.954893256269415,64.65542041491607,221.39423055920207,100.33303923136158,225.29450872232078,68.95718375039897,107.34897421038946,50.19614757345979,74.49339159623396,83.3622591573749,86.42929658585838,84.00427014993919,72.06297239198415,90.72302477723201,60.406183861646184,66.34765742528145,88.6004769109887,70.76859319506244,91.8065990567142,61.58702331235861,88.38459892566365,63.21142453726936,61.575490882426685,74.18163603997122,107.73956489794867,93.81766768918875,64.78052945000432,94.44579706708298,99.23751968944461,168.1601099956428,152.2668704204667,106.926924582656,92.2542262252333,109.64216019444932,103.2513394402289,92.67862152588542,105.66660986604899,170.51753446519962,154.07798063843254,119.02273502377824,113.0553172779243,113.96063102174946,143.96808643609612,99.71511443224065,144.70896248915497,142.1708035785502,101.52802342334215,95.86692144492866,93.50961667328664,109.27098930133866,82.61374490981123,125.13557373582366,133.9175463407764,76.02381564724033,85.09249127141145,95.86274326277152,81.90578965535167,95.05320728582787
178.97889412251675,209.48806381763472,202.5170769079888,164.37241213825334,268.1663103315162,254.18625964402895,209.85064386366355,177.68851892987504,168.84905797167403,216.02923567366207,186.35536804969257,266.908435007657,226.01025661626022,246.19870772975494,162.90253158969486,211.60871802641628,187.2973598355754,202.6211064901417,166.61373718672039,213.04672658378811,166.48745868888216,109.42753209849128,111.7846059610933,116.13201898499302,183.0795867498319,120.94537641710576,192.32449018145184,125.89754065310375,129.5019295425226,115.24214364214149,114.47413123424242,144.56806097266337,113.41198751051058,121.27555434777796,113.25333371124813,102.81515209581084,128.40213347838116,96.93125893598658,47.04952821102782,46.93818912718536,54.31615565172819,41.557504303157785,66.66485423180167,46.43213467801131,64.30923810782299,54.296198459275274,63.19635452157908,47.05980724735716,38.12498554250967,49.63137473303335,170.09734791580067,43.34202986285738,30.547380788171832,35.99984932471486,34.82624915275663,19.53726810270726,26.87734046951527,31.37657679485582,34.760166898282684,27.5756783953819,33.61167769709595,25.66812611089008,12.938457381349565,28.123727022671872,25.939521584410848,27.899994147800058,35.09754040700876,20.936963461009704,27.766692210640088,17.814039297461377,21.391528219826718,28.38948536365291,47.70014495207587,45.36188345278106,27.66667407833728,40.18739374906028,145.38682286660315,119.06687418593461,112.42407652885194,172.81617829586412,115.24389448751414,93.78963252902251,115.35433363415969,121.82089129704903,101.92990990321958,107.44664679907382,172.76834049489293,103.15145256859057,86.42881205031243,197.28005421988982,92.9285824117298,104.85919596239569,133.17230949663545,75.06298857621346,81.34790495088257,74.00681127549998,77.39534826824169,79.90088934854595,126.24036997609937,74.6962062581866,78.184579045582,77.8599780878496,76.188393353122,132.25340658750216,135.46768970383675,94.84681585215803
42.801973676738136,20.361066543407293,21.59341682267887,20.053400593083374,88.77909517159591,27.804722208741584,20.814011448047093,19.629017686040427,21.36741609105985,24.731664260134544,20.641775802268896,31.848111662671812,15.32444210107382,17.326022810651985,17.377835307876907,17.246683628927165,30.910643913757827,20.008380851795764,21.00751287630709,20.662625368840015,20.676190953131083,84.91457620994623,32.96170947868395,36.89108710766761,46.34447884087188,52.8100760356954,22.775591561512968,37.05054406685671,43.24021307540698,33.65454629446132,29.998000919362475,54.704378170392275,42.73502799036896,32.17215622108631,34.366861890311185,52.685507759740446,26.58387317857144,72.91227012761362,144.70225000212542,132.57430112164482,174.14280305186372,165.57718857886027,151.83285095486988,160.64917521779293,153.42370981185536,138.1529751644904,179.77322983803526,157.63537530301264,129.79442479847305,178.59959567726534,199.65664886146627,191.5432040815963,186.44429813239637,152.43147180093084,163.27892320796582,153.35804415370117,190.37216940440845,252.11491452047548,187.99238070595686,233.92981624238456,265.29996797600427,172.28182951832147,186.32854267495043,156.4229912998657,241.6879135565189,190.93184850037252,192.2276008845669,152.66697322712832,164.02979239295374,151.57638701629295,245.448583555119,202.76203196170462,195.41259820864846,257.78808404981464,158.10938083392173,185.95095824167421,157.3420955810112,134.4471505371561,139.46065029529214,133.24360506009975,143.09084778306087,121.38305193962682,128.4086272468154,103.91712225519335,130.28663639823708,107.78309667674951,128.1951750060587,129.37798494733448,155.5998106361996,111.73104176976176,120.582321430376,155.26663093131035,120.66219357986924,185.49357903304016,186.293499627943,286.09803947349553,229.84313671342343,171.98127748268848,112.39787489591498,208.50290583076006,156.3005874032809,121.49857888269561,125.05611116888082,166.8324011773876,177.01840709471304,115.19841045426432
24.453248263069778,22.3517070209307,13.426035845114193,21.071747128036666,14.293300038879067,12.759603873771168,14.869326233622694,11.797324455299606,18.15261456019423,12.514588249252855,6.798585670520383,14.310635526987543,9.429557757629365,13.827404546602375,21.052174760916742,13.022527093679017,14.378786528725804,13.177175066528697,17.989904259823142,12.715049719805595,18.198202848976294,128.19869206705908,32.90732233640223,58.72973829438922,55.52929588026545,66.23506680233406,36.307779181119564,49.863826800416454,51.46964829413442,39.61788643364168,72.28421208960842,63.23945120095127,101.13053606751251,60.24922311847403,107.84839563389224,44.09353545832373,29.240246527447,61.18394014354273,160.09062630664593,180.8409427808897,232.18022305255795,199.45193742041036,201.72877785818764,216.47721024433625,153.82996998058854,160.85925598452414,168.09297135735426,180.36870436053601,193.73700398957942,200.74889025038829,157.78269007965363,193.22018358451248,172.9775667527052,226.9498948137709,227.4608619662496,167.71555080596403,163.70916471802235,177.89639881716954,235.8837211529172,267.1310228840169,170.72888191750036,226.42697599161048,239.5699712373384,239.74347602372433,146.786465601546,245.48963494957533,230.77853950732708,249.48629460112113,271.6222846073303,222.9607852116338,159.60785646067714,217.8527948259861,211.28959670549128,274.2429872718743,173.4296188140573,259.75742021153087,215.69295544603182,145.96783582422688,151.83177204918243,151.83128773902226,230.53362199194297,164.28193046001576,154.41637117448266,114.92694572136116,136.11270334005337,145.1600315044165,122.46300588817735,121.65248247774309,198.97554247063664,199.2520037345306,123.49604896435122,164.5599562657705,117.10042329531596,307.3650602310864,207.0082088604078,204.85619986318815,116.37809562859259,103.51525194626072,97.4607275779258,297.5324930547461,332.1976531792829,252.6758931802578,222.01415492475186,203.99496710708019,288.8602820753025,104.82060440517904
121.39521158652504,124.68463994274943,160.5036154845387,119.9613462667874,153.11755066551248,136.39723128710787,120.44791094689725,149.98114429471264,172.01114709080545,155.080803219536,129.51100400997703,151.95286450506404,138.3159406200525,208.6282138161481,174.63959722689287,138.31645913708928,193.35496511775543,224.34323926313996,186.6356037821798,136.9776523075163,130.7688652826544,65.99326989451785,82.69669511828177,107.57096769587201,117.19852892162329,78.2721791390551,83.53796466462137,98.8424625237901,81.89657830391306,86.11972514632967,85.77434204414827,56.28882550674921,76.78370674358796,77.07926948909561,71.94250800336287,72.14332756727624,142.23386882015794,75.2055290765224,75.79717605739837,192.65043907948262,95.66474895548666,63.24324527037621,90.53704972498439,212.71192617765792,154.02259793567907,147.34877599332413,93.95555546906303,62.484887624896196,60.88090129148694,168.91857001942552,89.14002805494061,99.19626242105562,87.79990265009764,72.12356906045693,114.45565423947845,73.82690191933624,101.8288402113881,85.76071349760244,125.66255959681854,107.11848493468584,94.48267136400274,106.94074536677334,69.4236171155249,87.39357052716817,120.53486554939329,122.00782681844547,106.72766530483129,106.1458372070219,91.37116655062106,93.04676081620796,91.82892733923059,84.5542139495842,108.076887218721,101.33502126578793,83.47848690619324,101.96361944117277,118.36845404625376,154.73833854930496,233.67210116821167,135.5484762011348,120.29024145673222,100.33036609372012,109.18524364880778,172.4421038412458,144.52293795544844,144.940446505171,119.53765663266489,124.11078515120948,120.03384416757277,135.82902079713804,106.05459539430377,151.48343637762505,112.84804748716877,67.91560531500214,63.68172458221767,75.16015421954052,142.1280664130131,79.69396758109333,63.71757972362018,76.71387115396648,72.91029034205282,75.9459593685918,127.84628585023054,146.47296741678608,63.41694298335956,63.65539074686508
203.0679100275308,199.34060885610666,212.89967314569782,158.73142602397292,204.36662815299297,211.98629357212562,201.4942995469294,196.33911103783822,227.73168322324153,170.35464668179688,157.7192776360833,173.7604018987244,174.1332602626943,234.10497848607474,267.29770362384505,163.69515252152573,196.53313768275632,227.7611659341591,157.62400682939045,154.9274135241962,209.96347691379685,102.74803949558104,179.35271967102608,114.10836316445288,113.75223590981511,124.1122810779612,126.39162898703664,151.06598641861,134.9860189004157,136.4049762773168,174.7891287302826,106.45062160519976,124.36685297736163,111.81435842498448,111.31314348066239,118.5451120303382,241.92392301088313,109.16293857995564,74.33659183170708,61.41374852448549,58.88014395221974,64.77073468168527,72.68402333304871,59.276956921303835,62.708089832517004,74.14715901243356,68.53441053084995,48.917211332848325,52.16143674248767,61.56686772279776,68.99508318993183,14.32959774455833,23.73738178349105,9.342292833230449,18.944268869821915,10.319384629807043,11.970828432992235,20.570286861081335,12.319454813496373,7.9790360960857445,12.941364854377776,9.33678623917587,12.230570966039785,12.15586219912159,11.061188285519588,12.71000990585318,17.93418018451029,7.349803108287115,10.691477914754358,13.747723530430388,12.76517434844093,11.523319784928098,12.229774630385258,18.783052435408358,21.165377473466467,14.59384295420145,103.4066205018895,109.62904640468858,221.29013302407088,159.17666373854001,183.25179364434177,178.8206544681269,181.40962388533225,100.47660550738522,223.2268489487333,102.10587489377514,109.79275150881881,91.8849095864961,99.45084101854808,134.73787130492593,142.63726883676242,118.95172690439422,142.71908314968175,69.81269086183636,61.7724617032114,58.247809868176496,60.20650909484764,46.64050011155873,157.01889168944658,59.69445585940621,54.24564590921057,162.30037341075132,54.03416540155761,53.29578861276597,61.544670147245554,149.05832965395146
235.1175752982747,176.90398432450914,199.56760205934526,189.02517946550768,170.68367389459067,193.21646188720456,197.19320660959232,179.57786905522718,185.03168450812154,167.27925084051643,185.69626851032837,200.30171111743473,217.42227784162998,187.37903273764888,182.9088593151364,177.0187752428404,280.765403080396,250.86354098585466,195.89720682486944,182.41264133854264,163.01268304736809,122.97266584953289,211.68823738618636,117.82210971118356,109.75123464627762,117.1882629222696,128.8169770697784,178.87249046957885,122.559853503602,124.1618473924724,128.1508314739522,111.80162549508728,122.61101550445703,121.58267560290997,235.8218184417642,129.35687457103322,137.37855448444293,117.6938722925226,74.02967936796092,77.22200804177405,65.41150990745852,54.56808637646023,66.80939337999709,62.43588843461115,69.09018829662875,85.47715832918912,62.02315757946932,52.17313661023941,59.67900589898282,63.02215196607526,67.87673468199961,32.766730022528236,13.881176877293338,16.33477905566712,23.983937418234504,13.285027060849867,13.73366536024771,40.46745507327355,18.11744928185935,23.007705993095872,12.596404600352546,12.38513627855998,11.812412797961557,8.948205439134668,21.176931759697,13.85867083686038,18.650679157753302,11.701932885744466,14.390541483760753,8.264283234611128,31.85291261000145,11.037006823401907,14.29290661262722,17.698703224158308,13.863133540429544,32.30373997766814,119.80834640532692,226.4705832598917,138.4501292185754,118.40361232202811,129.69717320814877,107.81583104829613,126.39906237292074,129.33535096690542,220.61134562810116,159.19937889419293,183.74815845488513,204.4266327244024,135.60833956109835,173.37212552614153,99.4067282936636,95.48560543965351,105.81751822556456,50.45527975981833,53.2934747908351,43.26321909749486,45.58186319386399,55.24357702258774,54.681744344636954,153.7619588951122,54.85154915989445,268.08958983797226,50.138047505106655,62.50639795085326,62.576207700853104,144.01457267007268
26.0977469551135,33.364155970786705,21.387497529381903,25.110597945009687,22.319858374887872,21.031798347307806,19.29423219882962,17.23492825717022,26.61037713372067,26.3396535037381,31.741900907646027,20.440318963835928,25.815604321314108,43.35771686333732,29.701237579245685,20.869980729432864,34.038116465001984,20.416528928209985,21.548596051714767,26.734527556445258,32.28720260479611,118.0712858569806,55.464675669332465,124.20644212172837,58.70319320109563,107.28570690200631,44.696069701164895,99.98248358417955,59.80321326390249,113.68622875029709,58.43383933174358,105.19038795329402,64.97078100488838,50.09629313848915,62.196260913229445,79.64263244322508,52.48309928697701,61.249018267512916,176.0709806914091,207.2527216403732,213.65756996913322,152.04394073586982,214.849058834832,207.93483864565073,175.88965305449923,178.44723771932212,163.85026020961388,181.88057636677448,155.27055194405855,164.5768017417801,202.22821578616694,316.0102765843545,273.13217723740036,197.00421512139317,139.3917494317489,279.4678841724789,293.457315221036,282.3049736278706,237.39309386643845,203.26798843974743,260.4108064263867,205.73222481132922,241.68103661414256,257.7962530217233,272.5531756705311,252.784251765355,256.2416034797956,207.18973310455965,256.15298050337134,250.81273936620153,186.77591695595217,243.20103134335082,190.60673225844576,223.22141095675272,243.7653301915575,171.72387142349965,157.65651362027694,162.5571309939721,145.8354381542225,148.48703305858984,229.59106444072987,138.65746344791924,161.27347800936968,167.0144791760435,143.83211773375854,183.9030267944445,127.92342054036239,145.47528834252265,190.1062619923276,135.96544518823953,165.97314787923025,143.8736770390742,190.34662165572553,116.03032311622589,104.22025057950857,108.7920725443636,284.9408198799992,266.05052022440816,99.76319588901404,298.4708726500613,224.78052973998572,196.00140634247234,202.14723775425685,122.6126192592667,300.4062281723021,249.28413873964632
10.000883327131397,16.72308881320246,11.884642662792201,10.79909815707347,8.594944300684856,13.03416215376593,12.899828567850463,10.75802033337347,18.318272832918957,19.319841638431605,20.772416804736462,13.503595624451998,25.106664780723985,18.821752115346218,12.615866020715735,10.581210375441058,14.34181699776563,9.348265820607125,10.555608058564253,15.918945418573145,25.758840840484364,83.73247530781875,50.0447179320978,64.09251520770428,78.59123884310124,141.13658291778552,43.186449935465845,72.49565438104531,79.1023969280512,59.69441749962657,48.875288502901995,97.95600515130828,56.61127218916303,49.68070126158787,58.60657370705185,61.98980736075752,52.826237859271544,117.9321105018632,193.21494137583966,225.90181745268674,171.65239923787212,200.63600673353673,216.3659652281869,209.02208265372423,256.2911240010789,150.29855674593074,183.62236809001908,291.2873254340866,196.50790007244515,180.64758822473277,185.0414835479187,351.7371458761124,187.89165250529672,203.60628854803724,320.16294957942375,226.4673346894999,201.09025010752575,247.56198116388964,195.83922324648324,297.7007728994895,258.95851043533554,263.3094478284565,240.61820785886133,266.3746245370398,251.02182856311362,228.57844651610776,287.6192285176325,229.2634386402177,206.83167096359244,258.2145523046808,182.63615749068305,195.67397213002405,274.9446659380289,113.90407994089765,207.94743458882763,200.79245187288896,230.3521255119578,157.60890409519294,189.07833696745197,180.19117458913703,146.13017119189024,168.00879166570698,167.44972869834342,170.8451841906988,187.67936220328895,172.26773982060504,169.03307771230135,198.62051740796417,144.77089817929598,170.92090421206262,169.56707445612292,133.36163173937814,174.49606992513048,207.03774024945807,87.9313907174019,92.2423326975761,284.94365356257015,215.48102637027662,73.17533473427025,191.70620100645797,85.39459416854248,87.26940303832666,269.6313517795973,321.92138334368667,90.07184289854439,219.25359501894908
186.97626896527797,206.43735104208332,168.80179444790386,226.5694090173677,135.80369637800524,227.53987110007853,218.48004960194405,167.10685432210494,161.00897560367687,190.21660866410562,167.7779318103948,173.75868257145447,200.48436440139918,177.8644221654207,144.30985653222658,181.14192622824663,186.2748707339406,214.79879906847407,181.30053209933132,91.51367521340698,174.9287284767067,85.31092039949958,106.13355253531762,97.05441169770981,86.63283276857861,87.99003803673004,129.658454222476,97.11956431444457,106.00057965130651,98.75472513671276,121.91256977105593,83.94493747599388,83.70910838044504,94.70710766136219,79.83880762898322,98.93644187124542,107.21173696247337,112.84624209970868,193.4855911347415,184.65344755451687,122.76934692895391,94.03025298932486,172.4682622684647,106.32626615925354,183.70281178082305,111.70326153310133,107.9248044273786,89.51440458087235,69.9388670079018,98.57375036771147,160.55244845879744,267.1193013155198,120.01136890413139,86.57834635434133,124.09355414442865,89.17788600259628,116.64903235707504,85.15609167559212,120.93916820694058,146.6218659650721,111.92162995492316,94.25969792668278,130.14284592267808,108.33388586368487,100.16956819965161,109.23125657972089,146.936158516034,98.63744450862718,113.43854186740923,111.22980243643622,112.17718052773971,113.88548250409951,119.91698842506143,133.46757650833865,133.30115285007358,135.88750997312798,148.51839816938545,148.70035366281812,165.26356029530405,132.4776873279057,212.30744980222494,174.99929273810625,135.39539634548075,129.61953216934128,157.37940373294515,154.93401540684414,136.40265074547253,171.9391838145362,136.73115791268188,197.17760642767686,154.97910996229092,178.80214818776778,132.29611802923392,137.46783057236257,46.511685220071556,57.00494523104103,47.876021243996796,42.80795685224059,32.73206830868349,47.69032540606372,55.725577918906595,34.94231682491514,51.638133676132924,43.41249965405894,41.41584288564643,39.14646154063624
235.12473314589982,178.55658139745438,237.48017895067468,245.75752731028072,192.77187070039074,194.72339794443053,214.85535020699277,223.82248413021534,226.42869738144384,190.69084145846745,194.40687365535874,212.4597599167144,210.00571464894557,272.3557061192628,282.9981615989036,240.50212905504094,200.98495267285082,207.340024221857,222.60446403236153,252.6685074613394,170.9079105279921,209.27280903526366,209.69799793028895,154.02082551928063,185.09509627148202,131.01763131074088,199.09612412758824,144.9180719938595,164.11268922760206,168.411460072592,139.1405270344682,118.59460427558085,156.4798502619858,199.12385476852623,139.34257190375658,142.87123549068835,156.48322341559154,128.95830779948696,97.16316110047815,77.61089666438687,86.07501646998021,79.81727527183244,82.46963272617603,76.01209097548843,89.49564607991044,101.63834758044794,89.907523650166,75.52611393295376,78.15452324822935,74.55066514550843,104.9851061156432,28.893832017449938,11.157762441277091,28.818984457761598,10.86674256186235,36.44364854304351,26.428329282782368,13.734992232978536,26.319826981524365,18.179150858914607,14.060006221153174,23.25458893908703,35.753918842225985,16.37611314967883,25.600522786330007,13.406322995461412,11.02722784219707,39.933668203714404,20.055994769381616,23.159751249389505,20.87069443242433,25.021123460404873,14.686139101583265,10.28499282249896,26.041516761312582,12.879898339781603,202.25492751572136,186.1054552940533,174.3147872002816,166.5169184176334,151.64728335360095,130.40536976312276,171.08249883029234,155.4544884395821,128.04370646396916,235.84666771133342,126.55637799667778,133.0957159334597,137.28873436371933,121.78392473234238,150.84189861154576,128.12934221587793,135.61110315925137,25.82471199321615,38.024692389303745,26.554759447723093,30.48719788347923,27.828117402465615,44.44244537364461,26.88759480648143,28.853388174252736,44.61165872517484,32.70360823254596,26.540834042477904,37.679958249817005,33.15897722523457
36.46225027257921,47.96435104084672,35.63630781160592,36.09523819583097,68.25422363431909,38.825928370566196,49.8362191963554,33.431977545705706,46.731608833597086,47.80778738144452,43.16592510244901,47.54952692412148,56.62303289293996,50.89378836328926,48.78624178976335,35.658841889775005,48.791694941700165,42.48567906403726,45.96037431260756,39.37668353147328,49.315276657613204,73.15279852127634,70.32192103922152,102.7761185633019,119.57411597928575,83.47507350940887,93.11519575312681,100.7163095101801,87.18038575323489,73.07528710243666,72.63569391601702,123.11938023017133,82.62555917099124,82.006116908642,97.68749446947875,77.37607696404459,78.47861938342403,85.62593628003142,176.73638510055278,233.7095267714738,229.06026581574972,171.2017045851908,207.71118008936477,238.05407562033682,244.9297088049615,201.7908071240004,191.1313387481217,202.16962081004772,194.78065502831248,229.0418877996677,237.11652213244244,278.1049151060856,234.8017527435712,179.69584668758944,228.0166177313411,244.19223683766242,289.9537328753801,216.94521042285274,213.61285222637417,163.01069543351622,281.38718132306064,255.99185858272335,214.89768077454647,297.95515491289706,283.09331158312614,308.4860931325431,327.1101604021308,266.73571466070086,268.81457001776005,274.05431012940795,228.0092593316152,271.98501176003583,258.5883091175833,194.552706168868,317.28625649845424,274.63608924669825,231.04641071855124,187.56988945582427,198.9770567155583,173.85285101892111,156.7212547503858,183.25959767296072,155.38294257614305,181.4951923483197,190.89837678359137,153.38207513004264,157.37663988922634,144.98949974584025,235.90092474944262,190.30186133325654,160.70402379090078,186.9662446883555,150.46286233624764,318.8606627568318,103.3375137484113,111.74427829284086,238.29785861030118,97.82892151701627,100.5032267156084,101.79869774943424,92.01927195469649,345.0390645686918,99.33508288158478,110.89412793219445,252.1374172515192,89.54180649573944
26.858446376617238,41.570207071818196,32.83506648758473,28.455093201220134,25.75980605614061,26.208324600635358,27.2682303694264,62.55794758479569,50.03998477389683,35.153853519310424,48.387870392588944,34.659869442313514,43.44929374799747,46.89855215129648,35.70645142240618,33.92943719103503,27.765910378775956,34.946737920346415,26.221767487955436,37.759920728592085,40.11994362209801,99.12602251259759,79.42535634303042,192.266808353239,79.88187292560029,106.66900079980178,63.39660602267378,80.36449077129902,87.3231973503144,128.31959693933982,94.456014650448,106.74373730538184,84.14749117760726,99.16604438935182,76.65606530522905,109.97189074209619,77.27462438549252,125.45249513662547,234.54986777798337,198.30940054302368,197.88042596011272,233.90513310218125,187.006289270812,238.5457134079961,208.52456559075475,193.15996684641382,244.3965081397442,254.796164793066,229.05485292890705,208.4911720478316,245.56503715596835,297.0497817144586,337.1408852188367,190.20407342089032,322.21175611874264,260.5129376305807,145.3627292178455,291.27882500175576,196.65447986943855,289.38029672237883,121.80416054307099,246.08925937202736,259.3262418142124,226.52409707993408,204.2723976600334,189.99647214954058,318.159062902928,286.97964426646075,300.7177598351535,164.90073183888805,314.16413576380154,294.64312615377776,296.7613608306381,164.2085272415427,202.2124082319906,226.26511752673778,177.91649822473576,201.14382823794972,215.26654557632085,157.91054556631624,157.83529357524782,185.47841753893996,150.27624606390694,172.2827582365554,200.15730361121732,179.35762846753056,203.53672526387595,209.4289885793148,174.76681050615204,165.57814084062352,184.85388177910917,164.76976117699041,154.49219178996438,96.89070061723108,103.86528428019255,83.08196935426594,76.19382805789553,95.75264980448864,82.65306976973582,88.48954237901803,81.32895738031358,72.47545701423387,79.0872412490897,309.4797303493982,75.71978551554494,69.13383426406855
26.780613222497667,42.58955911687254,31.997726838082993,35.72555080634486,23.949580354237355,33.69619524971591,33.669115047738764,39.378683986178494,35.01541381271801,38.03236987144446,55.81010135180232,26.661003410896676,55.969304914702036,52.88835267173425,46.513263955743895,43.94645396662511,23.891070193792387,33.07153777784607,43.1770146502527,40.237570525630666,72.41884983883776,107.70467380637822,92.38203205081365,114.77322257507801,92.79894770672145,98.48561957709965,74.8402109561458,108.18412887044613,96.00365155195072,84.1913184582391,94.93386586866977,96.87938042889999,80.45417404372277,104.1609310829638,81.55112080196302,90.64100619345905,78.5533121352281,88.21487364907303,199.13287222395866,209.28284704451804,252.38178833100085,219.79455264017,222.23257847595778,217.7498507655873,194.31898106494893,170.64560857996312,195.94761912948942,200.02287186561216,204.73413012655485,178.63410430540972,222.25082103230224,153.8026351332895,158.64026213892618,210.70716203287012,189.30453659577185,273.98987727271924,118.4191781999601,144.25054275331087,164.61190865418126,277.3378055083436,158.27596848434095,289.7824691949581,268.80725475597654,166.00765636942552,251.00031674379028,313.5420466092714,281.38601011189195,313.8334652791424,287.63746472494654,196.51170877761172,126.9510051814071,116.69832344896972,108.37376673367712,293.5234442542491,298.62217654328043,325.95032683415576,155.9103751556152,163.96873869574594,170.52588413102725,171.87559806488977,168.15987262567003,184.271660524306,147.14825880644048,199.78322332296912,173.48606771930164,165.15639048141017,186.70818757863762,143.63740726878365,158.13457259741273,154.35848917203742,191.98766760148902,170.42309831828112,186.7563202666728,65.88825193429615,59.94357593169181,84.13229987852654,60.58952715778229,71.73598479279033,55.35708155546635,66.82792513578201,58.8925041895584,58.248685116843546,67.18256550886866,66.94413341216084,60.49082629979449,54.474333581527944
48.86538836125253,49.2822148836991,49.65529405973221,75.07700238905763,39.72756991297019,47.46058596944597,47.7310009366463,47.74724689719971,77.43942078677264,67.2182774584034,120.74952314409624,43.649404985795854,58.45985660234394,187.63230586077069,49.626204761477524,51.02046098310245,41.54037067413796,47.972145660724195,81.98613050750669,58.26198194343189,78.69745879078677,107.61731160779263,121.0356092495382,113.45070980624614,116.69208732951276,96.43364194404664,108.54936211585824,146.3727651079297,98.58853594584403,107.32517799668275,121.46693447676968,108.52992139138038,125.90491293324614,90.26061074111414,233.01684734098848,102.35547210688225,105.16830576352464,102.05005458775395,254.65121090311564,115.12834469560939,133.093157540922,101.31943341750002,115.41057104155716,126.12143836715497,131.94846561743535,242.95413112529346,128.27681521141497,130.46943065802122,110.74183961115153,133.39484150616957,262.3346899503148,150.48909857042133,239.24358090754416,128.7123624633763,168.35429649377724,113.35585102087569,134.48993144299808,146.072543604209,138.41469528782133,126.80873682503712,151.76356219271835,140.4746073776465,141.9236688505015,136.61073626747086,156.44465260177546,142.90440779389172,149.71045067366066,123.42103397293977,175.63562283612436,131.1331032020437,167.79761236271378,128.7133558478853,150.85487488142695,162.07820825821247,136.64063422132836,149.2749576392296,185.41424635700608,205.02871211259597,213.24307485786912,170.25510610496573,143.10060996924847,253.10933761739216,178.43011169553404,155.83581783761414,173.12311888871116,165.39708151855345,212.4051917196089,194.42311708172414,219.61232208470398,181.93219135398206,186.45439764124765,200.68862742467573,210.9146447757351,55.77430623335629,50.17093221142262,51.13831835929993,56.18340675373572,47.62497684129461,39.25383051854155,52.401340064424254,42.00558054346693,188.56645956718378,46.87486394142488,48.38948320542347,41.398167969306186,38.47800492265162
93.35418839582262,146.4252043342039,182.3762144656027,61.82455990598524,255.4403995128746,172.3979068303794,70.41806092947543,202.72513454539725,155.79947600225935,192.18208270926985,186.34736063831969,67.80584850034236,92.259349270726,207.79733016819728,73.98706261124406,74.40748771958404,53.315157107009846,180.38422992701317,57.08814037276783,167.52595425540417,98.47940706974177,122.52625949019883,115.03478358900968,103.31459607761072,116.37661571572401,118.04680929487259,151.2039308104153,106.8315776501259,126.70411246489347,103.6040656885881,116.41517921061917,148.124589179194,120.62803405112061,108.7689167740988,109.5801145696752,103.18712292986864,191.66458236554374,93.61685304693461,197.21669823461426,197.26397154282796,144.56018679339886,105.71893365365312,207.44714167524813,111.99503027672857,135.40638119442914,128.75281755080977,135.13156482882528,99.88237705824487,124.98999387501637,111.42759018290725,244.20118445530147,80.32382589051831,151.98651905207782,131.32605169257235,141.13681061193307,137.22739430848833,151.72953440012793,79.28198981770625,143.9889547004699,158.4780146824353,334.2595382303102,151.10681825950329,141.73990023866816,142.4542359975586,142.2138700458383,136.98561142817846,145.4740594551495,130.35128317669438,152.11979915677466,84.34188217785746,128.18471303928936,139.75281670564212,159.4033789883119,155.58895888438676,165.45330643147673,143.06632417223625,199.7065824334785,260.74354562811516,142.37316532444603,184.64974031871026,183.61106843956009,171.79409767862055,144.66025596479008,153.26420612864393,214.092595317737,189.80952247321432,145.2852823033737,173.71384805871196,174.55475022119984,176.48399400386637,198.87283244208774,214.99370856625325,165.98805970180584,38.42280862276245,27.38631363393184,34.569559558717934,29.686400495065364,32.07173782633086,23.582636567895065,38.584650492368205,28.203969062912652,24.78584620840954,31.191028449221854,31.85694906278152,23.769974102419408,23.313023793660314
102.2481178339892,221.62419976635277,209.82046071139393,87.61454496913491,187.83457840850014,265.073573082315,212.3938354691119,193.11355162686422,86.14842630075003,153.43295212066627,92.52828195408419,208.60821026800338,167.39993484105972,186.4234271860689,231.13975181914202,245.13143896590393,186.13168420185565,203.24664510523658,82.4350109168131,238.4138178344404,210.4218454162441,114.0525064610634,178.928256113313,245.41473106370492,122.5630848316148,150.9599195498377,150.70971299181213,137.21082364442776,174.4437225322289,134.8628268247865,147.94565966704891,120.35832290710154,128.34228150291315,181.7968103034356,130.59207550782503,117.23553406256943,136.93329894478373,105.92507058694588,130.4451336311701,124.34742543027583,210.85161747319893,120.19849599528956,188.67609426193482,122.47246342775661,153.1282599673212,261.05953557267264,255.22928980131346,111.8129663844953,122.05976724926026,141.67375671253052,171.47679477539126,138.86786290777061,56.13340487271644,152.7985831106371,63.31847504825526,133.41864342375516,128.1808434097417,154.7937977711191,61.46805634995373,167.7096137552445,168.5950879366728,143.4608486341895,120.55968558311885,63.667913758416944,76.58296237951133,163.5533909037445,137.98269950341646,135.18967927390568,56.82552169403487,64.00119918372008,141.16352465277785,67.95138031879924,151.02484515816911,53.919656990135195,142.33884514312857,64.68802641126368,239.1867217069867,169.52022224266366,204.53352175481174,216.4219984408751,191.66274344350057,237.2150463723407,156.80775772816224,199.37416257638284,155.34712304000374,209.47117552390364,236.5586716809167,174.703594409388,171.23241715177227,173.93705471864982,198.23253439345177,153.64107525559405,144.84482414228071,20.9594465560279,11.965373611009527,19.62363546118347,18.29001540622824,17.348028407542156,9.782111540005447,18.487869459815037,13.612490539066354,16.17986754302431,16.5682850104704,18.07235373399685,11.170131382251995,10.750995208678535
118.85276011639003,102.11667625196284,227.17041616796826,225.32021197222505,97.91993183129021,249.60780710776626,101.10282280997829,183.73399485037012,175.37867163830182,104.33530991266373,218.87613277621358,224.4621548309618,255.08841158194798,241.16998294962698,239.04915320826805,126.61247504108081,243.26106447597854,311.0231967544792,244.57661360215752,272.41364050049214,213.213331786207,180.15645969314537,147.09675281195473,126.36560503937353,133.54424776941121,155.9690941191248,151.29531042433422,144.98303863261927,149.77423982060319,180.02195331170648,163.05709407541877,128.81511897996606,143.96951634260594,142.96472945281468,142.6978032997377,148.65947118021526,138.47215469530715,144.44147924064288,244.41933874285786,215.52710694197552,166.35077813236583,136.77951073778118,241.2103080026841,267.1473248836953,177.26619185953734,173.93534807439562,145.75416020546788,130.0473758747548,126.84789726315657,129.73441497525954,151.96987266857653,64.40702948975388,181.40480346990242,145.4299715912029,164.73889147372526,277.96511867275643,170.7581280462033,165.93106865156486,184.43225542701828,165.76341763031493,49.19905681965603,52.80805793444414,129.95860518246477,167.2347518204897,164.22995119145543,170.77059251882588,155.26748708159096,147.3278130507392,162.14425481149178,59.59656042351102,46.97473138648241,159.38753831357988,174.80396725388553,172.02413530218055,164.2602699614415,46.63812746920173,236.10474033800526,242.27299305712188,236.99666259492565,176.47866780735697,176.3546587782223,193.30193228621715,166.48059649309639,206.52690280024493,222.1139973578989,215.89930959403102,292.3107598660354,202.5547547849195,192.58511007633973,198.22370089352955,196.48123934628578,199.9553829392268,188.10654870532542,13.291632180606173,13.540798650871514,10.347023488489931,0.0,13.129134854260986,10.198510599249037,8.611669020535906,11.60904251012619,8.763692780892407,13.342828969001737,11.81358700152849,16.23947208948943,10.07291710662765
263.7124872212074,107.79212440976269,142.19538262682536,218.34310627967773,240.05324394052812,254.90397105550986,219.3874944567607,125.28913314113515,251.6721764851473,215.04754267453512,191.19481459272566,226.7539100823431,168.8985304657356,195.85147504403062,111.93014593497979,254.6070725062429,338.45046636952094,141.0788963572712,259.18870371808913,242.757406059984,123.59555786121894,145.5531142105786,163.5196292102705,216.46334027352742,151.16779741865903,155.35514882669978,167.2055517127202,153.1190447430554,159.56484782586926,214.75773237445213,216.09857538084643,150.2938867120077,154.08097161804213,161.37107288600578,228.4706685815746,201.6712057931653,158.1814879532562,139.8909020558726,158.39504066928237,92.65660849326338,162.9931112653794,82.78048364315242,222.6552678216284,90.9329476656144,113.1775575962023,172.76496970423796,102.70050581021928,91.29656664093663,87.11723281888807,108.24280036468926,107.30292344683889,33.66392069423153,27.277719237738538,52.774593644320575,28.077672784184408,48.89233424815933,36.46262472121745,29.090117123190264,27.919324796653576,35.0226226199268,32.478348206421884,35.3174377011972,49.35203289803151,35.23124367596493,39.81042055589121,57.669636959716,22.96964960041994,54.820683251035135,40.44561242632842,42.91239424622378,45.28051748645571,42.938423520070515,36.35126698703919,26.752613259457927,41.815180560278286,28.485942220337417,214.94617789347566,225.3121855706969,162.4731056259256,181.23733158119674,151.0974930396188,139.1647593780627,151.96215406169713,209.84870119295658,218.95893395065949,137.2017721000419,147.15037927298843,162.9604185633534,176.2051096045946,148.73924103860784,194.69343897041495,131.41158679541354,154.28133953743804,21.583893675294874,20.39722875292428,10.809887376071456,16.178794660645657,17.032675988804304,27.373173201471527,10.961351699331782,20.868720165160664,21.166439735994132,20.002688990521214,9.69921705081082,29.195126654951668,25.124582003464354
